year,quarter,unit_level,unit_id,n_documents,programs_total,programs_completed,programs_in_progress,programs_cancelled,program_completion_rate,program_duration_quarters_mean,program_duration_quarters_n_obs,sum_budget_usd,sum_obligated_usd,sum_drawdown_usd,sum_expended_usd,admin_activity_count,admin_activity_budget_usd,admin_activity_obligated_usd,admin_activity_drawdown_usd,admin_activity_expended_usd,outcome_persons_total_actual,outcome_persons_total_expected,outcome_households_total_actual,outcome_households_total_expected,severity_rainfall_inches_max,severity_wind_speed_mph_max,sem_signal_count,sem_signal_confidence_mean,admin_staff_count_sum,admin_staff_count_n_obs,admin_payroll_usd_sum,admin_payroll_usd_n_obs,affected_population_persons_sum,affected_population_persons_n_obs,affected_population_households_sum,affected_population_households_n_obs,severity_deaths_count_sum,severity_deaths_count_n_obs,severity_unmet_need_usd_sum,severity_unmet_need_usd_n_obs,ratio_disbursed_to_obligated,ratio_expended_to_disbursed,duration_of_completion,timeliness,progress_rate,signal_density,has_admin_staff_signal,has_admin_payroll_signal,has_deaths_signal,has_unmet_need_signal
2009,3,state,texas_statewide,,16,0,16,0,0.0,,0,17128856.0,0.0,16022416.78,16022416.78,4,56250.0,0.0,56250.0,56250.0,,,,,,,,,,,,,,,,,,,,,,1.0,,,0.0,,False,False,False,False
2009,4,state,texas_statewide,,356,0,356,0,0.0,,0,998976175.0,0.0,793044173.36,784031156.34,31,58480093.0,0.0,50418466.08,49985240.7,,,,,,,1.0,0.76,,,,,,,4700.0,1.0,,,,,,0.9886349117454413,,,0.0,1.0,False,False,False,False
2010,1,state,texas_statewide,,458,0,456,2,0.0,,0,1039531602.15,0.0,912592887.78,185033732.16,21,30087595.15,0.0,34688025.379999995,10077588.29,,,,,,,,,,,,,,,,,,,,,,0.20275605326063678,,,0.0,,False,False,False,False
2010,2,state,texas_statewide,,553,0,548,2,0.0,,0,1258122405.29,5457381.79,1108915734.63,260906327.52,21,55051515.15,1806127.68,41768100.82,21983966.380000003,,,,,,,2.0,0.75,2010.0,1.0,,,,,4700.0,1.0,,,,,203.19555737550846,0.23528057125734067,,,0.0,2.0,True,False,False,False
2010,3,state,texas_statewide,,636,0,626,1,0.0,,0,1320669274.63,8929940.91,994771754.23,374172730.92,31,54884550.0,1895144.94,41267673.67,19934339.87,,,,,,,1.0,0.76,,,,,,,4700.0,1.0,,,,,111.39735013431348,0.37613927951706594,,,0.0,1.0,False,False,False,False
2010,4,state,texas_statewide,,632,0,630,1,0.0,,0,1337129658.19,19323307.12,924146593.02,320263657.59000003,22,65737371.15,53504.759999999995,41256533.82,23650401.68,,,,,,,3.0,0.8133333333333334,,,,,,,4700.0,1.0,,,20229098.0,2.0,47.82548801201271,0.3465507096048657,,,0.0,3.0,False,False,False,True
2011,1,state,texas_statewide,,634,0,632,1,0.0,,0,1289629556.6,19346491.46,1020583692.49,235142322.51,21,65736371.15,2151700.44,30744413.8,26984186.61,,,,,,,2.0,0.84,,,,,,,,,,,20229098.0,2.0,52.75290843304153,0.2303998429921062,,,0.0,2.0,False,False,False,True
2011,2,state,texas_statewide,,636,0,633,0,0.0,,0,1307134954.35,36341740.12,853578994.4,337641241.32,22,68788566.15,1043308.49,48909216.3,30991517.18,,,,,,,3.0,0.84,,,,,,,,,,,40458196.0,3.0,23.487565305940006,0.3955594544091794,,,0.0,3.0,False,False,False,True
2011,3,state,texas_statewide,,763,77,678,2,0.1009174311926605,,0,1743537110.76,41586212.58,1773244574.49,781016827.22,27,282537105.31,3918665.85,82218853.91,49297677.03,,,,,,,1.0,0.76,,,,,100000.0,1.0,,,,,,,42.64020367516719,0.4404450680158585,,,0.1009174311926605,1.0,False,False,False,False
2011,4,state,texas_statewide,,864,40,748,3,0.0462962962962962,,0,1588947182.93,51057185.14,1830463654.02,824868957.45,24,74694938.16,1087702.64,68544594.33,41981047.31,,,,,,,,,,,,,,,,,,,,,35.85124501087997,0.4506338902924687,,,0.0462962962962962,,False,False,False,False
2012,1,state,texas_statewide,,876,48,756,0,0.0547945205479452,,0,1534678902.25,31612916.77,1754236855.31,1016798591.89,25,84989091.66,1616833.03,77033545.42,50051264.8,,,,,,,,,,,,,,,,,,,,,55.49114205667774,0.5796244610938336,,,0.0547945205479452,,False,False,False,False
2012,2,state,texas_statewide,,935,33,838,3,0.0352941176470588,,0,1904256921.6,55516213.0,1818536770.3,1028771822.66,33,286461980.71,2139272.13,87395900.63,51906105.12,,,,,,,1.0,0.76,,,,,100000.0,1.0,,,,,,,32.75685915932342,0.5657140616905347,,,0.0352941176470588,1.0,False,False,False,False
2012,3,state,texas_statewide,,1162,66,979,1,0.0567986230636833,,0,1606952170.41,48340177.24,1820478026.08,1152090261.81,24,90042541.09,4118375.81,90464605.21,67285478.93,,,,,,,1.0,0.76,,,,,100000.0,1.0,,,,,,,37.659730063496966,0.632850408137457,,,0.0567986230636833,1.0,False,False,False,False
2012,4,state,texas_statewide,,1247,107,1095,0,0.0858059342421812,,0,2248317816.54,60823794.75,2250746895.98,1369975820.39,52,350347874.2,8071367.02,153508795.35999998,130890842.03,,,,,,,,,,,,,,,,,,,,,37.004381348304484,0.6086760900734232,,,0.0858059342421812,,False,False,False,False
2013,1,state,texas_statewide,,1122,87,1026,0,0.0775401069518716,,0,2198811302.02,32529171.17,2659825040.9,1736788252.84,42,156909955.53,4406445.08,174974098.44,97425426.73,,,,,,,1.0,0.78,,,1000000000.0,1.0,,,,,,,,,81.76737817879052,0.6529708631708822,,,0.0775401069518716,1.0,False,True,False,False
2013,2,state,texas_statewide,,1300,120,1150,0,0.0923076923076923,,0,2509640796.91,25193668.14,3039285544.15,1625120237.3,59,180918245.44,4422788.68,199094416.75,125339319.16,,,,,,,1.0,0.78,,,1000000000.0,1.0,,,,,,,,,120.6368809520248,0.5347046908534219,,,0.0923076923076923,1.0,False,True,False,False
2013,3,state,texas_statewide,,1206,171,1026,0,0.1417910447761194,,0,2378549540.79,40813793.25,2880462985.76,1302287223.17,36,123171790.42,6623106.02,123381513.31,67379184.21,,,,,,,1.0,0.78,,,1000000000.0,1.0,,,,,,,,,70.57572345986244,0.4521103828127811,,,0.1417910447761194,1.0,False,True,False,False
2013,4,state,texas_statewide,,1200,153,1043,0,0.1275,,0,2588683812.87,47163487.67,2969332123.18,1151350128.37,58,186656311.13,5370103.51,184679472.89,119302475.43,,,,,,,2.0,0.81,,,1000000000.0,1.0,,,,,,,91000.0,1.0,62.95828128649502,0.3877471702751001,,,0.1275,2.0,False,True,False,True
2014,1,state,texas_statewide,,1332,214,1112,1,0.1606606606606606,,0,2969109314.36,36530709.7,3285226861.84,1591119183.71,65,364316216.01,4246146.88,174843169.75,108717115.52,,,,,,,1.0,0.78,,,1000000000.0,1.0,,,,,,,,,89.93055127642373,0.4843255125519219,,,0.1606606606606606,1.0,False,True,False,False
2014,2,state,texas_statewide,,1204,72,1113,0,0.0598006644518272,15.06032285471538,1177,1780280542.77,1493727.59,1278612831.82,889474032927610.6,6,1661202.33,32697.8,1661202.33,510092.94,,,,,,,9.0,0.73,,,108618183400.6,9.0,,,,,,,,,855.9879595047179,695655.4875657846,15.06032285471538,0.06639963894843731,0.0598006644518272,9.0,False,True,False,False
2014,3,state,texas_statewide,,1061,2,1052,0,0.001885014137606,,0,1597068494.83,59602051.41,2543832320.39,1178176201.05,29,136976336.53,4938980.4,119916407.53,103288130.6,,,,,,,1.0,0.78,,,1000000000.0,1.0,,,,,,,,,42.680281302586124,0.463150102939714,,,0.001885014137606,1.0,False,True,False,False
2014,4,state,texas_statewide,,1338,45,1252,10,0.0336322869955156,,0,1779661889.19,95329812.05,2931631446.1,1598934116.9,40,116175887.57,4923348.24,119164810.67,90557058.27,,,,,,,1.0,0.78,,,1000000000.0,1.0,,,,,,,,,30.75251469668664,0.5454076156220421,,,0.0336322869955156,1.0,False,True,False,False
2015,1,state,texas_statewide,,1334,118,1171,14,0.088455772113943,,0,1644068345.21,34655049.62,22591390130309.11,1734152620.04,28,114287316.76,4608294.05,119359357.23,88915330.56,,,,,,,1.0,0.78,,,1000000000.0,1.0,,,,,,,,,651893.1693368936,7.676166052807093e-05,,,0.088455772113943,1.0,False,True,False,False
2015,2,state,texas_statewide,,913,84,820,5,0.0920043811610076,,0,24810717449.15,54030887.94,2585521974.11,1707876830.62,16,103940260.3,3805215.86,104215324.96,78010630.58,0.0,45089.0,7269.0,16630.0,,,1.0,0.78,,,1000000000.0,1.0,,,,,,,,,47.85266488644718,0.6605539800944422,,,0.0920043811610076,1.0,False,True,False,False
2015,3,state,texas_statewide,,990,174,813,1,0.1757575757575757,,0,2431727602.61,33240122.35,2739832680.58,1821836095.53,27,119921082.48,2853785.91,119730494.23,93349534.47,,,56632.0,8676.0,,,1.0,0.78,,,1000000000.0,1.0,,,,,,,,,82.42546918844297,0.6649442896433853,,,0.1757575757575757,1.0,False,True,False,False
2015,4,state,texas_statewide,,965,233,710,22,0.2414507772020725,,0,2464545143.67,35472115.85,2261948778843.32,1901988363.9,22,108421622.91,2114989.74,108332578.08,85150108.64999999,465549.0,465549.0,56624.0,8233.0,,,1.0,0.78,,,1000000000.0,1.0,,,,,,,,,63766.95397614179,0.00084086270285599,,,0.2414507772020725,1.0,False,True,False,False
2016,1,state,texas_statewide,,786,134,635,16,0.1704834605597964,,0,2020247086.46,57434914.62,2520309915.1,1780290867.11,21,111488648.86,3228186.44,102371715.57,92092601.11,586958.0,586958.0,54935.0,9260.0,,,1.0,0.78,,,1000000000.0,1.0,,,,,,,,,43.88114671667636,0.7063777579271882,,,0.1704834605597964,1.0,False,True,False,False
2016,2,state,texas_statewide,,585,77,504,4,0.1316239316239316,,0,2135306464.34,43078977.06,2422709209.69,1755217223.22,29,114772451.13,2053669.0,114523177.04,97152929.34,364800.0,366692.0,56660.0,9921.0,,,,,,,,,,,,,,,,,56.23878223282027,0.7244853060366211,,,0.1316239316239316,,False,False,False,False
2016,3,state,texas_statewide,,683,76,600,7,0.1112737920937042,,0,762444178442.55,31080066.77,11773453489572.33,1830741767.53,24,107312650.19,678994.8,107312650.19,90731210.6,804811.0,553281.0,57066.0,10403.0,,,1.0,0.78,,,1000000000.0,1.0,,,,,,,,,378810.4310295962,0.00015549743065205768,,,0.1112737920937042,1.0,False,True,False,False
2016,4,state,texas_statewide,,1286,681,591,14,0.5295489891135303,,0,2717973061.55,20837922.76,16084702254496.03,2429819425.41,54,137534894.81,476888.0,137535769.39,123568239.03,5139797.0,3478923.0,9034.0,10300.0,,,1.0,0.76,,,,,100000.0,1.0,,,,,,,771895.665405376,0.00015106399776413715,,,0.5295489891135303,1.0,False,False,False,False
2017,1,state,texas_statewide,,659,372,279,7,0.5644916540212443,,0,2074931031.75,20083004.91,2270352344.5,1819926996.47,26,123221766.8,263341.67000000004,112409538.13,100548431.01,3911880.0,2080080.0,6773.0,7801.0,,,2.0,0.77,,,1000000000.0,1.0,100000.0,1.0,,,,,,,113.04843845203243,0.8016055309119002,,,0.5644916540212443,2.0,False,True,False,False
2017,2,state,texas_statewide,,497,38,457,2,0.0764587525150905,,0,1859550218.61,16270729.11,2245255162.87,103564804187429.31,13,68508596.92,483389.04,57571006.2,1778339971445.76,8286.0,8303.0,7599.0,10179.0,,,8.0,0.84,,,,,,,,,,,780803164.0,8.0,137.99351877169812,46126.0732856071,,,0.0764587525150905,8.0,False,False,False,True
2017,3,state,texas_statewide,,977,434,543,0,0.4442169907881269,,0,2295699829.07,12394773.42,3171382622329.6,148922075216519.0,12,67848942.38000001,349292.34,57187945.58,54089693.18,4257992.0,2551577.0,12264.0,12284.0,,,9.0,0.8333333333333334,,,1000000000.0,1.0,,,,,,,780803164.0,8.0,255864.5095691955,46.95809145448537,,,0.4442169907881269,9.0,False,True,False,True
2017,4,state,texas_statewide,,447,106,341,0,0.2371364653243848,,0,2039157603.14,41267077.72,2113910086.55,87292301203173.8,13,111184906.9,2057408.16,110631460.06,96097414.58,1944.0,3806.0,9503.0,9450.0,,,8.0,0.84,,,,,,,,,,,780803164.0,8.0,51.22509766485108,41294.23562458085,,,0.2371364653243848,8.0,False,False,False,True
2018,1,state,texas_statewide,,385,34,351,0,0.0883116883116883,,0,1518161406.87,19134474.85,1796578430.54,111604604597842.6,7,64998720.43,2130412.6799999997,64507840.52,52358846.59,1944.0,3806.0,7210.0,6899.0,,,8.0,0.84,,,,,,,,,,,780803164.0,8.0,93.89222566199666,62120.641493117255,,,0.0883116883116883,8.0,False,False,False,True
2018,2,state,texas_statewide,,413,28,384,0,0.0677966101694915,,0,39622962057365.92,14837620.91,1783795286.72,80327647307629.4,14,81494815.42,2398897.73,70551349.87,2900628593946.3003,0.0,44502.0,6871.0,8697.0,,,16.0,0.84375,,,,,,,,,29.0,1.0,2197428485.0,15.0,120.2211121001069,45031.87552162107,,,0.0677966101694915,16.0,False,False,True,True
2018,3,state,texas_statewide,,434,39,395,0,0.0898617511520737,,0,1488912660.61,16353660.53,1819772806.72,38331310030468.53,20,109401752.91,3356610.58,75691119.19,67102905.96000001,326843.0,64897.0,6399.0,6236.0,,,116.0,0.7887931034482759,,,49666.47,100.0,,,,,29.0,1.0,2197428485.0,15.0,111.27617595960946,21063.788781170853,,,0.0898617511520737,116.0,False,True,True,True
2018,4,state,texas_statewide,,393,22,371,0,0.0559796437659033,,0,1445110492.34,14604891.8,1685552705.85,91720888170673.44,14,104843616.62,612344.1,86651802.9,73334728.42,294.0,1059.0,5066.0,4984.0,,,16.0,0.84375,,,,,,,,,29.0,1.0,2197428485.0,15.0,115.41014674617445,54415.91227158923,,,0.0559796437659033,16.0,False,False,True,True
2019,1,state,texas_statewide,,345,13,332,0,0.0376811594202898,,0,1534037340.25,36214508.09,4501692963500.9,65704027874038.96,10,206113265.56,1699300.6,200309428.84,169933335.1,293.0,582065.0,4064.0,4236.0,,,107.0,0.8904672897196262,,,1000031897.69,91.0,,,,,29.0,1.0,2197428485.0,15.0,124306.34021904507,14.595404086142274,,,0.0376811594202898,107.0,False,True,True,True
2019,2,state,texas_statewide,,1169,556,609,4,0.4756201881950385,,0,4604064735.57,46224601.870000005,29409660128.8,179890839000390.62,21,330764002.8,1612463.48,319436784.91,1068924871307.4498,0.0,44502.0,7773.0,9999.0,,,94.0,0.7908510638297873,,,25569.37,78.0,,,,,29.0,1.0,2197428485.0,15.0,636.2339303972894,6116.7262121546555,,,0.4756201881950385,94.0,False,True,True,True
2019,3,state,texas_statewide,,482,108,374,0,0.2240663900414937,,0,7630830870.71,401958029.06,3.2127858550600576e+17,2.1037551274753946e+17,14,179394493.4,621713.36,322210609.39,78222304958.79,0.0,4528.0,2664.0,4269.0,,,16.0,0.84375,,,,,,,,,29.0,1.0,2197428485.0,15.0,799283910.9529237,0.6548071432031589,,,0.2240663900414937,16.0,False,False,True,True
2019,4,state,texas_statewide,,699,6,676,16,0.0085836909871244,13.743589743589745,195,5964054312.1,24626290.68,1.1694601899576872e+16,190650316846424.62,27,496668626.17,5332834.18,289706022.11,276938936.95,0.0,4528.0,1819.0,3486.0,,,16.0,0.84375,,,,,,,,,29.0,1.0,2197428485.0,15.0,474882801.1306846,0.016302420422992136,13.743589743589745,0.07276119402985075,0.0085836909871244,16.0,False,False,True,True
2020,1,state,texas_statewide,,1028,6,922,100,0.0058365758754863,14.625,8,6793669986.69,52750585.03,2.445344520783165e+16,1204178276588885.5,46,595270115.66,2172097.28,355776225.34000003,342404608.59000003,0.0,4512.0,4395.0,18641.0,,,16.0,0.84375,,,,,,,,,29.0,1.0,2197428485.0,15.0,463567279.75480515,0.04924370641251099,14.625,0.06837606837606838,0.0058365758754863,16.0,False,False,True,True
2020,2,state,texas_statewide,,1051,4,945,102,0.0038058991436726,,0,5459640758.61,229401801.93,1.7252154663964154e+16,1911048279301197.2,49,360763269.16,1908202.63,350234607.67,1515679585998.66,74557.0,74359.0,7378.0,16463.0,,,16.0,0.84375,,,,,,,,,29.0,1.0,2197428485.0,15.0,75204965.77977404,0.11077157123411052,,,0.0038058991436726,16.0,False,False,True,True
2020,3,state,texas_statewide,,1139,4,1033,102,0.0035118525021949,,0,6195151469.75,187878877.83,1.4603242839945154e+16,2596103117886255.5,49,563320773.9399999,8990008.93,360273505.31,345405030.84,104764.0,104764.0,9211.0,17438.0,,,16.0,0.84375,,,,,,,,,29.0,1.0,2197428485.0,15.0,77726900.48297353,0.1777757958516566,,,0.0035118525021949,16.0,False,False,True,True
2020,4,state,texas_statewide,,1786,9,1462,186,0.0050391937290033,33.625,24,4706005624.72,156879741.17,4386764178.24,86137955877496.17,69,561493019.04,3025117.93,277444877.73,4010266378134.36,,0.0,9929.0,15934.0,,,92.0,0.8902173913043478,,,564719.86,76.0,,,,,29.0,1.0,2197428485.0,15.0,27.962591890602113,19635.87564263719,33.625,0.02973977695167286,0.0050391937290033,92.0,False,True,True,True
2021,1,state,texas_statewide,,1235,17,1115,103,0.0137651821862348,,0,14240101090.28,79454681.66,1958396109141.34,59936625271347.51,60,1006902832.51,1452350.89,325421475.22,528350245.63,7.0,300016.0,9445.0,17768.0,,,21.0,0.8571428571428571,,,81739.48,5.0,,,,,29.0,1.0,2197428485.0,15.0,24647.96369736459,30.604955244537713,,,0.0137651821862348,21.0,False,True,True,True
2021,2,state,texas_statewide,,1127,3,1002,122,0.0026619343389529,,0,7725344451.53,77562291.27,265345812450.67,40384303166230.16,45,201903554.35,4498660.52,309720993.16,349810279.61,20272.0,319614.0,8913.0,18818.0,,,14.0,0.8442857142857143,,,,,,,,,29.0,1.0,1540032247.0,13.0,3421.0672235942834,152.19498959961138,,,0.0026619343389529,14.0,False,False,True,True
2021,3,state,texas_statewide,,1247,5,1108,134,0.004009623095429,,0,7405712173.51,125188082.53,6809984399.2,47853665475462.35,71,352903985.83,1787309.4200000002,481404399.42,2957983764072.65,75576.0,374831.0,5915.0,15321.0,,,16.0,0.83375,,,,,40000.0,2.0,,,29.0,1.0,1540032247.0,13.0,54.39802464877644,7026.986064914325,,,0.004009623095429,16.0,False,False,True,True
2021,4,state,texas_statewide,,1517,3,1379,135,0.001977587343441,,0,10859043550.17,107630932.23,8688813842839534.0,118566389762026.4,63,396320940.65,1381533.48,481753109.21,7617408143366.4,58426.0,357826.0,5655.0,19174.0,,,18.0,0.8277777777777778,,,4500000.0,2.0,40000.0,2.0,,,29.0,1.0,1540032247.0,13.0,80727850.84005524,0.01364586604185762,,,0.001977587343441,18.0,False,True,True,True
2022,1,state,texas_statewide,,1380,92,1286,0,0.0666666666666666,,0,8662503673.37,347116.28,1.163431404122187e+16,128574642397501.08,42,621992127.51,0.0,688883021.53,13705528697083.55,,,,,,,27.0,0.8562962962962963,,,2252858.08,11.0,40000.0,2.0,,,29.0,1.0,1540032247.0,13.0,33517050946.794743,0.011051329880038015,,,0.0666666666666666,27.0,False,True,True,True
2022,2,state,texas_statewide,,1459,109,1350,0,0.0747087045921864,,0,7152052335.74,34949317.3,1.253316560452528e+16,163707834979989.03,44,800790388.36,0.0,571414211.41,5220248600175.99,,,,,,,18.0,0.8277777777777778,,,4500000.0,2.0,40000.0,2.0,,,29.0,1.0,1540032247.0,13.0,358609740.41187584,0.013061970147500481,,,0.0747087045921864,18.0,False,True,True,True
2022,3,state,texas_statewide,,1296,8,1286,1,0.0061728395061728,,0,4726690731.72,5847886.66,1.5225896523141738e+16,36114747717559.19,52,1291408431.51,0.0,1165156747.15,6624988152461.319,,,,,,,17.0,0.8305882352941176,,,2250000.0,1.0,40000.0,2.0,,,29.0,1.0,1540032247.0,13.0,2603657938.052742,0.0023719291447087286,,,0.0061728395061728,17.0,False,True,True,True
2022,4,state,texas_statewide,,1312,2,1309,0,0.0015243902439024,,0,3886692048.82,14877264.0,2.334027044810928e+16,42664566808416.67,48,558952767.11,0.0,436814763.33,1027145787051.29,,,,,,,18.0,0.8277777777777778,,,4500000.0,2.0,40000.0,2.0,,,29.0,1.0,1540032247.0,13.0,1568855029.2654133,0.0018279379796934953,,,0.0015243902439024,18.0,False,True,True,True
2023,1,state,texas_statewide,,1376,10,1361,0,0.0072674418604651,,0,11335344388.87,12187783.67,1.3251687443507452e+16,3580373265198003.5,49,1089504842.76,0.0,522372542.44,14191983968752.48,,,,,,,18.0,0.8277777777777778,,,4500000.0,2.0,40000.0,2.0,,,29.0,1.0,1540032247.0,13.0,1087292636.8168342,0.2701824413276647,,,0.0072674418604651,18.0,False,True,True,True
2023,2,state,texas_statewide,,1373,9,1361,0,0.0065549890750182,,0,11180463470.56,347763.7,1.6019458831273018e+16,95451398020521.0,45,1022647998.51,0.0,486989334.42,11981179745003.36,,,,,,,18.0,0.8277777777777778,,,4500000.0,2.0,40000.0,2.0,,,29.0,1.0,1540032247.0,13.0,46064206331.11799,0.005958465827458652,,,0.0065549890750182,18.0,False,True,True,True
2023,3,state,texas_statewide,,1383,36,1345,0,0.0260303687635574,,0,6004089786.68,9955928.91,2.678982041761522e+16,625877419487426.2,51,599538564.72,0.0,581247497.6800001,16621450503161.309,,,,,,,18.0,0.8277777777777778,,,4500000.0,2.0,40000.0,2.0,,,29.0,1.0,1540032247.0,13.0,2690840870.7807074,0.023362508957913378,,,0.0260303687635574,18.0,False,True,True,True
2023,4,state,texas_statewide,,1395,30,1364,0,0.021505376344086,,0,5682092037.1,29498228.31,2.38481672546234e+16,196611984294993.7,41,553172361.15,0.0,473225249.28,2508435137607.2197,,,,,,,11.0,0.82,,,4500000.0,2.0,40000.0,2.0,,,29.0,1.0,839085203.0,6.0,808461003.2846885,0.008244322601221144,,,0.021505376344086,11.0,False,True,True,True
2024,1,state,texas_statewide,,1587,89,1498,0,0.0560806553245116,,0,5136193216.0199995,1785222.74,3.655323011644093e+17,426114526184200.94,43,416936540.72,0.0,333202921.81,1302479184567.52,,,,,,,18.0,0.8277777777777778,,,4500000.0,2.0,40000.0,2.0,,,29.0,1.0,1540032247.0,13.0,204754450508.74115,0.0011657369945879091,,,0.0560806553245116,18.0,False,True,True,True
2024,2,state,texas_statewide,,1668,57,1611,0,0.0341726618705036,,0,5866527252.7699995,1845776.06,3.6922120332964614e+17,147793650929971.3,41,515491256.43,0.0,495944417.63,7718298538176.069,,,,,,,19.0,0.8242105263157895,,,4500000.0,2.0,60000.0,3.0,,,29.0,1.0,1540032247.0,13.0,200035752619.76587,0.00040028484170780127,,,0.0341726618705036,19.0,False,True,True,True
2024,3,state,texas_statewide,,2143,128,2014,0,0.0597293513765748,,0,2744990847.19,22148764.99,4.018098219306056e+16,148159730334044.4,39,300740367.73,0.0,217838734.74999997,5344049251651.199,,,,,,,18.0,0.8277777777777778,,,4500000.0,2.0,40000.0,2.0,,,29.0,1.0,1540032247.0,13.0,1814140978.569323,0.0036873098228950778,,,0.0597293513765748,18.0,False,True,True,True
2024,4,state,texas_statewide,,1764,63,1657,42,0.0357142857142857,,0,5748470674.17,13647541.49,3.5135553789637404e+16,165981930840920.12,44,571176014.16,0.0,497407042.55,24964709907702.55,,,,,,,18.0,0.8277777777777778,,,4500000.0,2.0,40000.0,2.0,,,29.0,1.0,1540032247.0,13.0,2574496938.908914,0.004724044818951266,,,0.0357142857142857,18.0,False,True,True,True
2025,1,state,texas_statewide,,1906,75,1768,59,0.0393494228751311,,0,6928723036.61,34307628.81,3.526303594979564e+16,642160264320809.0,39,549967371.67,0.0,482127146.37,11294730513907.42,,,,,,,18.0,0.8277777777777778,,,4500000.0,2.0,40000.0,2.0,,,29.0,1.0,1540032247.0,13.0,1027848241.7157655,0.018210577933081524,,,0.0393494228751311,18.0,False,True,True,True
2025,2,state,texas_statewide,,2139,56,2014,67,0.0261804581580177,,0,7137267832.83,17497655.03,4.7020030233474e+16,180555067909147.1,45,595966946.6,0.0,512238176.28,567304574.18,,,,,,,18.0,0.8277777777777778,,,4500000.0,2.0,40000.0,2.0,,,29.0,1.0,1540032247.0,13.0,2687218953.2172985,0.003839960693615383,,,0.0261804581580177,18.0,False,True,True,True
2025,3,state,texas_statewide,,2280,121,2073,86,0.0530701754385964,,0,6947155775.61,40975602.879999995,5.404767625643681e+16,764089099957164.8,34,351041609.32,1.0,481554760.67,8376869523484.71,,,,,,,18.0,0.8277777777777778,,,4500000.0,2.0,40000.0,2.0,,,29.0,1.0,1540032247.0,13.0,1319020891.8882616,0.014137316400650354,,,0.0530701754385964,18.0,False,True,True,True
2025,4,state,texas_statewide,,1495,83,1326,86,0.0555183946488294,,0,285263146.94,0.0,0.0,0.0,23,41927345.61,0.0,0.0,0.0,,,,,,,2.0,0.77,,,2250000.0,1.0,20000.0,1.0,,,,,,,,,,,0.0555183946488294,2.0,False,True,False,False
