year,quarter,programs_total,programs_completed,programs_in_progress,programs_cancelled,program_completion_rate,program_duration_quarters_mean,program_duration_quarters_n_obs,sum_budget_usd,sum_obligated_usd,sum_drawdown_usd,sum_expended_usd,admin_activity_count,admin_activity_budget_usd,admin_activity_obligated_usd,admin_activity_drawdown_usd,admin_activity_expended_usd,outcome_persons_total_actual,outcome_persons_total_expected,outcome_households_total_actual,outcome_households_total_expected,outcome_owner_households_total_actual,outcome_owner_households_total_expected,outcome_renter_households_total_actual,outcome_renter_households_total_expected,outcome_jobs_created_total_actual,outcome_jobs_created_total_expected,outcome_jobs_retained_total_actual,outcome_jobs_retained_total_expected,outcome_housing_units_total_actual,outcome_housing_units_total_expected,sem_signal_count,sem_signal_confidence_mean,admin_staff_count_sum,admin_staff_count_n_obs,admin_staff_count_confidence_mean,admin_payroll_usd_sum,admin_payroll_usd_n_obs,admin_payroll_usd_confidence_mean,affected_population_persons_sum,affected_population_persons_n_obs,affected_population_persons_confidence_mean,affected_population_households_sum,affected_population_households_n_obs,affected_population_households_confidence_mean,severity_deaths_count_sum,severity_deaths_count_n_obs,severity_deaths_count_confidence_mean,severity_economic_loss_usd_sum,severity_economic_loss_usd_n_obs,severity_economic_loss_usd_confidence_mean,severity_property_damage_usd_sum,severity_property_damage_usd_n_obs,severity_property_damage_usd_confidence_mean,severity_unmet_need_usd_sum,severity_unmet_need_usd_n_obs,severity_unmet_need_usd_confidence_mean
2009,3,16,0,16,0,0.0,,0,17128856.0,0.0,16022416.78,16022416.78,4,56250.0,0.0,56250.0,56250.0,,,,,,,,,,,,,,,,,,,,,,,,,,,,,,,,,,,,,,,,
2009,4,356,0,356,0,0.0,,0,998976175.0,0.0,793044173.36,784031156.34,31,58480093.0,0.0,50418466.08,49985240.7,,,,,,,,,,,,,,,1.0,0.76,,,,,,,,,,4700.0,1.0,0.76,,,,,,,,,,,,
2010,1,458,0,456,2,0.0,,0,1039531602.15,0.0,912592887.78,185033732.16,21,30087595.15,0.0,34688025.379999995,10077588.29,,,,,,,,,,,,,,,,,,,,,,,,,,,,,,,,,,,,,,,,
2010,2,553,0,548,2,0.0,,0,1258122405.29,5457381.79,1108915734.63,260906327.52,21,55051515.15,1806127.6800000002,41768100.82,21983966.380000003,,,,,,,,,,,,,,,2.0,0.75,2010.0,1.0,0.74,,,,,,,4700.0,1.0,0.76,,,,,,,,,,,,
2010,3,636,0,626,1,0.0,,0,1320669274.63,8929940.91,994771754.23,374172730.92,31,54884550.0,1895144.94,41267673.67,19934339.87,,,,,,,,,,,,,,,1.0,0.76,,,,,,,,,,4700.0,1.0,0.76,,,,,,,,,,,,
2010,4,632,0,630,1,0.0,,0,1337129658.19,19323307.12,924146593.02,320263657.59000003,22,65737371.15,53504.759999999995,41256533.82,23650401.68,,,,,,,,,,,,,,,3.0,0.8133333333333334,,,,,,,,,,4700.0,1.0,0.76,,,,,,,,,,20229098.0,2.0,0.84
2011,1,634,0,632,1,0.0,,0,1289629556.6,19346491.46,1020583692.49,235142322.51,21,65736371.15,2151700.44,30744413.8,26984186.61,,,,,,,,,,,,,,,2.0,0.84,,,,,,,,,,,,,,,,,,,,,,20229098.0,2.0,0.84
2011,2,636,0,633,0,0.0,,0,1307134954.35,36341740.12,853578994.4,337641241.32,22,68788566.15,1043308.49,48909216.3,30991517.18,,,,,,,,,,,,,,,3.0,0.84,,,,,,,,,,,,,,,,,,,,,,40458196.0,3.0,0.84
2011,3,763,77,678,2,0.10091743119266056,,0,1743537110.76,41586212.58,1773244574.49,781016827.22,27,282537105.31,3918665.85,82218853.91,49297677.03,,,,,,,,,,,,,,466.0,1.0,0.76,,,,,,,100000.0,1.0,0.76,,,,,,,,,,,,,,,
2011,4,864,40,748,3,0.046296296296296294,,0,1588947182.93,51057185.14,1830463654.02,824868957.45,24,74694938.16,1087702.6400000001,68544594.33,41981047.31,,,,,,,,,,,,,,,,,,,,,,,,,,,,,,,,,,,,,,,,
2012,1,876,48,756,0,0.0547945205479452,,0,1534678902.25,31612916.77,1754236855.31,1016798591.89,25,84989091.66,1616833.03,77033545.42,50051264.8,,,,,,,,,,,,,,,,,,,,,,,,,,,,,,,,,,,,,,,,
2012,2,935,33,838,3,0.03529411764705882,,0,1904256921.6,55516213.0,1818536770.3,1028771822.6600001,33,286461980.71,2139272.13,87395900.63,51906105.12,,,,,,,,,,,,,,,1.0,0.76,,,,,,,100000.0,1.0,0.76,,,,,,,,,,,,,,,
2012,3,1162,66,979,1,0.05679862306368331,,0,1606952170.41,48340177.24,1820478026.08,1152090261.81,24,90042541.09,4118375.81,90464605.21,67285478.93,,,,,,,,,,,,,,,1.0,0.76,,,,,,,100000.0,1.0,0.76,,,,,,,,,,,,,,,
2012,4,1247,107,1095,0,0.08580593424218123,,0,2248317816.54,60823794.75,2250746895.98,1369975820.39,52,350347874.2,8071367.02,153508795.35999998,130890842.03,,,,,,,,,,,,,,,,,,,,,,,,,,,,,,,,,,,,,,,,
2013,1,1122,87,1026,0,0.07754010695187166,,0,2198811302.02,32529171.17,2659825040.9,1736788252.84,42,156909955.53,4406445.08,174974098.44,97425426.73,,,,,,,,,,,,,,,1.0,0.78,,,,1000000000.0,1.0,0.78,,,,,,,,,,,,,,,,,,
2013,2,1300,120,1150,0,0.09230769230769231,,0,2509640796.91,25193668.14,3039285544.15,1625120237.3,59,180918245.44,4422788.68,199094416.75,125339319.16,,,,,,,,,,,,,,,1.0,0.78,,,,1000000000.0,1.0,0.78,,,,,,,,,,,,,,,,,,
2013,3,1206,171,1026,0,0.1417910447761194,,0,2378549540.79,40813793.25,2880462985.76,1302287223.17,36,123171790.42,6623106.02,123381513.31,67379184.21,,,,,,,,,,,,,,,1.0,0.78,,,,1000000000.0,1.0,0.78,,,,,,,,,,,,,,,,,,
2013,4,1200,153,1043,0,0.1275,,0,2588683812.87,47163487.67,2969332123.18,1151350128.3700001,58,186656311.13,5370103.51,184679472.89,119302475.42999999,,,,,,,,,,,,,,,2.0,0.81,,,,1000000000.0,1.0,0.78,,,,,,,,,,,,,,,,91000.0,1.0,0.84
2014,1,1332,214,1112,1,0.16066066066066065,,0,2969109314.36,36530709.7,3285226861.84,1591119183.71,65,364316216.01,4246146.88,174843169.75,108717115.52,,,,,,,,,,,,,,,1.0,0.78,,,,1000000000.0,1.0,0.78,,,,,,,,,,,,,,,,,,
2014,2,1204,72,1113,0,0.059800664451827246,15.060322854715379,1177,1780280542.77,1493727.5899999999,1278612831.82,889474032927610.6,6,1661202.33,32697.8,1661202.33,510092.94,,,,,,,,,,,,,,,9.0,0.73,,,,108618183400.6,9.0,0.73,,,,,,,,,,,,,,,,,,
2014,3,1061,2,1052,0,0.001885014137606032,,0,1597068494.83,59602051.410000004,2543832320.39,1178176201.05,29,136976336.53,4938980.4,119916407.53,103288130.6,,,,,,,,,,,,,,,1.0,0.78,,,,1000000000.0,1.0,0.78,,,,,,,,,,,,,,,,,,
2014,4,1338,45,1252,10,0.033632286995515695,,0,1779661889.19,95329812.05,2931631446.1,1598934116.9,40,116175887.57000001,4923348.24,119164810.67,90557058.27000001,,,,,,,,,,,,,,,1.0,0.78,,,,1000000000.0,1.0,0.78,,,,,,,,,,,,,,,,,,
2015,1,1334,118,1171,14,0.08845577211394302,,0,1644068345.21,34655049.62,22591390130309.11,1734152620.04,28,114287316.76,4608294.05,119359357.22999999,88915330.56,,,,,,,,,,,,,,,1.0,0.78,,,,1000000000.0,1.0,0.78,,,,,,,,,,,,,,,,,,
2015,2,913,84,820,5,0.09200438116100766,,0,24810717449.15,54030887.94,2585521974.11,1707876830.62,16,103940260.3,3805215.86,104215324.96,78010630.58,0.0,45089.0,7269.0,16630.0,,,,,,,,,,,1.0,0.78,,,,1000000000.0,1.0,0.78,,,,,,,,,,,,,,,,,,
2015,3,990,174,813,1,0.17575757575757575,,0,2431727602.61,33240122.349999998,2739832680.58,1821836095.53,27,119921082.47999999,2853785.91,119730494.22999999,93349534.47,,,56632.0,8676.0,,,,,,,,,,,1.0,0.78,,,,1000000000.0,1.0,0.78,,,,,,,,,,,,,,,,,,
2015,4,965,233,710,22,0.24145077720207253,,0,2464545143.67,35472115.85,2261948778843.32,1901988363.9,22,108421622.91,2114989.7399999998,108332578.08,85150108.64999999,465549.0,465549.0,56624.0,8233.0,,,,,,,,,,,1.0,0.78,,,,1000000000.0,1.0,0.78,,,,,,,,,,,,,,,,,,
2016,1,786,134,635,16,0.17048346055979643,,0,2020247086.46,57434914.62,2520309915.1,1780290867.11,21,111488648.86,3228186.44,102371715.57,92092601.11,586958.0,586958.0,54935.0,9260.0,,,,,,,,,,,1.0,0.78,,,,1000000000.0,1.0,0.78,,,,,,,,,,,,,,,,,,
2016,2,585,77,504,4,0.13162393162393163,,0,2135306464.34,43078977.06,2422709209.69,1755217223.22,29,114772451.13000001,2053669.0,114523177.04,97152929.34,364800.0,366692.0,56660.0,9921.0,,,,,,,,,,,,,,,,,,,,,,,,,,,,,,,,,,,,
2016,3,683,76,600,7,0.11127379209370425,,0,762444178442.55,31080066.77,11773453489572.33,1830741767.53,24,107312650.19,678994.8,107312650.19,90731210.6,804811.0,553281.0,57066.0,10403.0,,,,,,,,,,,1.0,0.78,,,,1000000000.0,1.0,0.78,,,,,,,,,,,,,,,,,,
2016,4,1286,681,591,14,0.5295489891135303,,0,2717973061.55,20837922.759999998,16084702254496.03,2429819425.41,54,137534894.81,476888.0,137535769.39,123568239.03,5139797.0,3478923.0,9034.0,10300.0,,43.0,,,,,,,,,1.0,0.76,,,,,,,100000.0,1.0,0.76,,,,,,,,,,,,,,,
2017,1,659,372,279,7,0.5644916540212443,,0,2074931031.75,20083004.91,2270352344.5,1819926996.47,26,123221766.8,263341.67000000004,112409538.13,100548431.00999999,3911880.0,2080080.0,6773.0,7801.0,,43.0,,,,,,,,,2.0,0.77,,,,1000000000.0,1.0,0.78,100000.0,1.0,0.76,,,,,,,,,,,,,,,
2017,2,497,38,457,2,0.07645875251509054,,0,1859550218.61,16270729.11,2245255162.87,103564804187429.33,13,68508596.92,483389.04,57571006.199999996,1778339971445.76,8286.0,8303.0,7599.0,10179.0,,,,,,,,,,,8.0,0.84,,,,,,,,,,,,,,,,,,,,,,780803164.0,8.0,0.84
2017,3,977,434,543,0,0.44421699078812693,,0,2295699829.07,12394773.42,3171382622329.6,148922075216519.0,12,67848942.38000001,349292.34,57187945.58,54089693.18,4257992.0,2551577.0,12264.0,12284.0,,,,,,,,,,,9.0,0.8333333333333334,,,,1000000000.0,1.0,0.78,,,,,,,,,,,,,,,,780803164.0,8.0,0.84
2017,4,447,106,341,0,0.2371364653243848,,0,2039157603.14,41267077.72,2113910086.55,87292301203173.8,13,111184906.89999999,2057408.1600000001,110631460.06,96097414.58,1944.0,3806.0,9503.0,9450.0,,,,,,,,,,,8.0,0.84,,,,,,,,,,,,,,,,,,,,,,780803164.0,8.0,0.84
2018,1,385,34,351,0,0.08831168831168831,,0,1518161406.87,19134474.849999998,1796578430.54,111604604597842.6,7,64998720.43,2130412.6799999997,64507840.52,52358846.59,1944.0,3806.0,7210.0,6899.0,,,,,,,,,,,8.0,0.84,,,,,,,,,,,,,,,,,,,,,,780803164.0,8.0,0.84
2018,2,413,28,384,0,0.06779661016949153,,0,39622962057365.92,14837620.91,1783795286.72,80327647307629.4,14,81494815.42,2398897.73,70551349.87,2900628593946.3003,0.0,44502.0,6871.0,8697.0,,,,,,,,,,,16.0,0.84375,,,,,,,,,,,,,29.0,1.0,0.9,,,,,,,2197428485.0,15.0,0.84
2018,3,434,39,395,0,0.08986175115207373,,0,1488912660.61,16353660.53,1819772806.72,38331310030468.53,20,109401752.91,3356610.58,75691119.19,67102905.96000001,326843.0,64897.0,6399.0,6236.0,,,,,,,,,,,116.0,0.7887931034482759,,,,49666.47,100.0,0.78,,,,,,,29.0,1.0,0.9,,,,,,,2197428485.0,15.0,0.84
2018,4,393,22,371,0,0.05597964376590331,,0,1445110492.34,14604891.8,1685552705.85,91720888170673.45,14,104843616.62,612344.1,86651802.9,73334728.42,294.0,1059.0,5066.0,4984.0,,,,,,,,,,,16.0,0.84375,,,,,,,,,,,,,29.0,1.0,0.9,,,,,,,2197428485.0,15.0,0.84
2019,1,345,13,332,0,0.03768115942028986,,0,1534037340.25,36214508.089999996,4501692963500.9,65704027874038.96,10,206113265.56,1699300.6,200309428.84,169933335.1,293.0,582065.0,4064.0,4236.0,,,,,,,,,,,107.0,0.8904672897196262,,,,1000031897.69,91.0,0.8986813186813187,,,,,,,29.0,1.0,0.9,,,,,,,2197428485.0,15.0,0.84
2019,2,1169,556,609,4,0.4756201881950385,,0,4604064735.57,46224601.870000005,29409660128.8,179890839000390.62,21,330764002.8,1612463.48,319436784.91,1068924871307.4498,0.0,44502.0,7773.0,9999.0,,,,,,,,,,,94.0,0.7908510638297873,,,,25569.37,78.0,0.78,,,,,,,29.0,1.0,0.9,,,,,,,2197428485.0,15.0,0.84
2019,3,482,108,374,0,0.22406639004149378,,0,7630830870.71,401958029.06,3.2127858550600576e+17,2.1037551274753946e+17,14,179394493.4,621713.36,322210609.39,78222304958.79,0.0,4528.0,2664.0,4269.0,,,,,,,,,,,16.0,0.84375,,,,,,,,,,,,,29.0,1.0,0.9,,,,,,,2197428485.0,15.0,0.84
2019,4,699,6,676,16,0.008583690987124463,13.743589743589743,195,5964054312.1,24626290.68,1.1694601899576872e+16,190650316846424.62,27,496668626.17,5332834.18,289706022.11,276938936.95,0.0,4528.0,1819.0,3486.0,,,,,,,,,,,16.0,0.84375,,,,,,,,,,,,,29.0,1.0,0.9,,,,,,,2197428485.0,15.0,0.84
2020,1,1028,6,922,100,0.005836575875486381,14.625,8,6793669986.69,52750585.03,2.445344520783165e+16,1204178276588885.5,46,595270115.66,2172097.28,355776225.34000003,342404608.59000003,0.0,4512.0,4395.0,18641.0,,,,,,,,,,,16.0,0.84375,,,,,,,,,,,,,29.0,1.0,0.9,,,,,,,2197428485.0,15.0,0.84
2020,2,1051,4,945,102,0.003805899143672693,,0,5459640758.61,229401801.93,1.7252154663964154e+16,1911048279301197.2,49,360763269.16,1908202.63,350234607.67,1515679585998.66,74557.0,74359.0,7378.0,16463.0,,,,,,,,,,,16.0,0.84375,,,,,,,,,,,,,29.0,1.0,0.9,,,,,,,2197428485.0,15.0,0.84
2020,3,1139,4,1033,102,0.003511852502194908,,0,6195151469.75,187878877.83,1.4603242839945154e+16,2596103117886255.5,49,563320773.9399999,8990008.93,360273505.31,345405030.84,104764.0,104764.0,9211.0,17438.0,,,,,,,,,,,16.0,0.84375,,,,,,,,,,,,,29.0,1.0,0.9,,,,,,,2197428485.0,15.0,0.84
2020,4,1786,9,1462,186,0.005039193729003359,33.625,24,4706005624.72,156879741.17,4386764178.24,86137955877496.17,69,561493019.04,3025117.93,277444877.73,4010266378134.3604,,0.0,9929.0,15934.0,,0.0,,0.0,,0.0,,,,1.0,92.0,0.8902173913043478,,,,564719.86,76.0,0.9,,,,,,,29.0,1.0,0.9,,,,,,,2197428485.0,15.0,0.84
2021,1,1235,17,1115,103,0.013765182186234818,,0,14240101090.28,79454681.66,1958396109141.34,59936625271347.51,60,1006902832.51,1452350.8900000001,325421475.22,528350245.63,7.0,300016.0,9445.0,17768.0,,,,,,,,,,,21.0,0.8571428571428571,,,,81739.48,5.0,0.9,,,,,,,29.0,1.0,0.9,,,,,,,2197428485.0,15.0,0.84
2021,2,1127,3,1002,122,0.0026619343389529724,,0,7725344451.53,77562291.27,265345812450.66998,40384303166230.164,45,201903554.35,4498660.52,309720993.16,349810279.61,20272.0,319614.0,8913.0,18818.0,,,,,,,,,,,14.0,0.8442857142857143,,,,,,,,,,,,,29.0,1.0,0.9,,,,,,,1540032247.0,13.0,0.84
2021,3,1247,5,1108,134,0.00400962309542903,,0,7405712173.51,125188082.53,6809984399.2,47853665475462.35,71,352903985.83,1787309.4200000002,481404399.42,2957983764072.65,75576.0,374831.0,5915.0,15321.0,,,,,,,,,,,16.0,0.83375,,,,,,,40000.0,2.0,0.76,,,,29.0,1.0,0.9,,,,,,,1540032247.0,13.0,0.84
2021,4,1517,3,1379,135,0.001977587343441002,,0,10859043550.17,107630932.23,8688813842839534.0,118566389762026.39,63,396320940.65,1381533.48,481753109.21000004,7617408143366.4,58426.0,357826.0,5655.0,19174.0,,,,,,,,,,,18.0,0.8277777777777778,,,,4500000.0,2.0,0.78,40000.0,2.0,0.76,,,,29.0,1.0,0.9,,,,,,,1540032247.0,13.0,0.84
2022,1,1380,92,1286,0,0.06666666666666667,,0,8662503673.37,347116.28,1.163431404122187e+16,128574642397501.08,42,621992127.51,0.0,688883021.53,13705528697083.55,,,,,,,,,,,,,,,27.0,0.8562962962962963,,,,2252858.08,11.0,0.8890909090909092,40000.0,2.0,0.76,,,,29.0,1.0,0.9,,,,,,,1540032247.0,13.0,0.84
2022,2,1459,109,1350,0,0.07470870459218643,,0,7152052335.74,34949317.3,1.253316560452528e+16,163707834979989.03,44,800790388.36,0.0,571414211.41,5220248600175.99,,,,,,,,,,,,,,,18.0,0.8277777777777778,,,,4500000.0,2.0,0.78,40000.0,2.0,0.76,,,,29.0,1.0,0.9,,,,,,,1540032247.0,13.0,0.84
2022,3,1296,8,1286,1,0.006172839506172839,,0,4726690731.72,5847886.66,1.5225896523141738e+16,36114747717559.19,52,1291408431.51,0.0,1165156747.15,6624988152461.319,,,,,,,,,,,,,,,17.0,0.8305882352941176,,,,2250000.0,1.0,0.78,40000.0,2.0,0.76,,,,29.0,1.0,0.9,,,,,,,1540032247.0,13.0,0.84
2022,4,1312,2,1309,0,0.001524390243902439,,0,3886692048.82,14877264.0,2.334027044810928e+16,42664566808416.67,48,558952767.11,0.0,436814763.33,1027145787051.29,,,,,,,,,,,,,,,18.0,0.8277777777777778,,,,4500000.0,2.0,0.78,40000.0,2.0,0.76,,,,29.0,1.0,0.9,,,,,,,1540032247.0,13.0,0.84
2023,1,1376,10,1361,0,0.007267441860465116,,0,11335344388.87,12187783.67,1.3251687443507452e+16,3580373265198003.5,49,1089504842.76,0.0,522372542.44,14191983968752.48,,,,,,,,,,,,,,,18.0,0.8277777777777778,,,,4500000.0,2.0,0.78,40000.0,2.0,0.76,,,,29.0,1.0,0.9,,,,,,,1540032247.0,13.0,0.84
2023,2,1373,9,1361,0,0.0065549890750182084,,0,11180463470.56,347763.7,1.6019458831273018e+16,95451398020521.0,45,1022647998.51,0.0,486989334.42,11981179745003.36,,,,,,,,,,,,,,,18.0,0.8277777777777778,,,,4500000.0,2.0,0.78,40000.0,2.0,0.76,,,,29.0,1.0,0.9,,,,,,,1540032247.0,13.0,0.84
2023,3,1383,36,1345,0,0.026030368763557483,,0,6004089786.68,9955928.91,2.678982041761522e+16,625877419487426.2,51,599538564.72,0.0,581247497.6800001,16621450503161.309,,,,,,,,,,,,,,,18.0,0.8277777777777778,,,,4500000.0,2.0,0.78,40000.0,2.0,0.76,,,,29.0,1.0,0.9,,,,,,,1540032247.0,13.0,0.84
2023,4,1395,30,1364,0,0.021505376344086023,,0,5682092037.1,29498228.31,2.38481672546234e+16,196611984294993.7,41,553172361.15,0.0,473225249.28000003,2508435137607.2197,,,,,,,,,,,,,,,11.0,0.82,,,,4500000.0,2.0,0.78,40000.0,2.0,0.76,,,,29.0,1.0,0.9,,,,,,,839085203.0,6.0,0.84
2024,1,1587,89,1498,0,0.056080655324511654,,0,5136193216.0199995,1785222.74,3.655323011644093e+17,426114526184200.94,43,416936540.72,0.0,333202921.81,1302479184567.52,,,,,,,,,,,,,,,18.0,0.8277777777777778,,,,4500000.0,2.0,0.78,40000.0,2.0,0.76,,,,29.0,1.0,0.9,,,,,,,1540032247.0,13.0,0.84
2024,2,1668,57,1611,0,0.0341726618705036,,0,5866527252.7699995,1845776.06,3.6922120332964614e+17,147793650929971.3,41,515491256.43,0.0,495944417.63,7718298538176.069,,,,,,,,,,,,,,,19.0,0.8242105263157895,,,,4500000.0,2.0,0.78,60000.0,3.0,0.7600000000000001,,,,29.0,1.0,0.9,,,,,,,1540032247.0,13.0,0.84
2024,3,2143,128,2014,0,0.059729351376574896,,0,2744990847.19,22148764.990000002,4.018098219306056e+16,148159730334044.4,39,300740367.73,0.0,217838734.74999997,5344049251651.199,,,,,,,,,,,,,,,18.0,0.8277777777777778,,,,4500000.0,2.0,0.78,40000.0,2.0,0.76,,,,29.0,1.0,0.9,,,,,,,1540032247.0,13.0,0.84
2024,4,1764,63,1657,42,0.03571428571428571,,0,5748470674.17,13647541.49,3.5135553789637404e+16,165981930840920.12,44,571176014.16,0.0,497407042.55,24964709907702.55,,,,,,,,,,,,,,,18.0,0.8277777777777778,,,,4500000.0,2.0,0.78,40000.0,2.0,0.76,,,,29.0,1.0,0.9,,,,,,,1540032247.0,13.0,0.84
2025,1,1906,75,1768,59,0.039349422875131164,,0,6928723036.61,34307628.81,3.526303594979564e+16,642160264320809.0,39,549967371.67,0.0,482127146.37,11294730513907.42,,,,,,,,,,,,,,,18.0,0.8277777777777778,,,,4500000.0,2.0,0.78,40000.0,2.0,0.76,,,,29.0,1.0,0.9,,,,,,,1540032247.0,13.0,0.84
2025,2,2139,56,2014,67,0.026180458158017766,,0,7137267832.83,17497655.03,4.7020030233474e+16,180555067909147.1,45,595966946.6,0.0,512238176.28,567304574.18,,,,,,,,,,,,,,,18.0,0.8277777777777778,,,,4500000.0,2.0,0.78,40000.0,2.0,0.76,,,,29.0,1.0,0.9,,,,,,,1540032247.0,13.0,0.84
2025,3,2280,121,2073,86,0.05307017543859649,,0,6947155775.61,40975602.879999995,5.404767625643681e+16,764089099957164.8,34,351041609.32,1.0,481554760.66999996,8376869523484.71,,,,,,,,,,,,,,,18.0,0.8277777777777778,,,,4500000.0,2.0,0.78,40000.0,2.0,0.76,,,,29.0,1.0,0.9,,,,,,,1540032247.0,13.0,0.84
2025,4,1495,83,1326,86,0.05551839464882943,,0,285263146.94,0.0,0.0,0.0,23,41927345.61,0.0,0.0,0.0,,,,,,,,,,,,,,,2.0,0.77,,,,2250000.0,1.0,0.78,20000.0,1.0,0.76,,,,,,,,,,,,,,,
