category,disaster_code,year,quarter,n_documents,programs_total,programs_completed,programs_in_progress,programs_cancelled,program_completion_rate,program_duration_quarters_mean,program_duration_quarters_n_obs,sum_budget_usd,sum_obligated_usd,sum_drawdown_usd,sum_expended_usd,admin_activity_count,admin_activity_budget_usd,admin_activity_obligated_usd,admin_activity_drawdown_usd,admin_activity_expended_usd,outcome_persons_total_actual,outcome_persons_total_expected,outcome_households_total_actual,outcome_households_total_expected,outcome_owner_households_total_actual,outcome_owner_households_total_expected,outcome_renter_households_total_actual,outcome_renter_households_total_expected,outcome_jobs_created_total_actual,outcome_jobs_created_total_expected,outcome_jobs_retained_total_actual,outcome_jobs_retained_total_expected,outcome_housing_units_total_actual,outcome_housing_units_total_expected,severity_rainfall_inches_max,severity_wind_speed_mph_max,sem_signal_count,sem_signal_confidence_mean,admin_staff_count_sum,admin_staff_count_n_obs,admin_staff_count_confidence_mean,admin_payroll_usd_sum,admin_payroll_usd_n_obs,admin_payroll_usd_confidence_mean,affected_population_persons_sum,affected_population_persons_n_obs,affected_population_persons_confidence_mean,affected_population_households_sum,affected_population_households_n_obs,affected_population_households_confidence_mean,severity_deaths_count_sum,severity_deaths_count_n_obs,severity_deaths_count_confidence_mean,severity_economic_loss_usd_sum,severity_economic_loss_usd_n_obs,severity_economic_loss_usd_confidence_mean,severity_property_damage_usd_sum,severity_property_damage_usd_n_obs,severity_property_damage_usd_confidence_mean,severity_unmet_need_usd_sum,severity_unmet_need_usd_n_obs,severity_unmet_need_usd_confidence_mean
2015_Floods,15f,2018,4,1,21.0,0.0,21.0,0.0,0.0,,0.0,15270756.85,485379.47,16943910.81,5332011.99,2.0,1493910.0,309529.42,1465918.0,802736.85,,,,,,,,,,,,,,,11.76,,8.0,0.84,,,,,,,,,,,,,,,,,,,,,,780803164.0,8.0,0.84
2015_Floods,15f,2019,4,1,63.0,0.0,63.0,0.0,0.0,,0.0,55429927.21,1626514.6,66330462.480000004,9723222.21,3.0,3068300.0,206456.29,3068300.0,1439480.83,,,,,,,,,,,,,,,323.0,,8.0,0.84,,,,,,,,,,,,,,,,,,,,,,780803164.0,8.0,0.84
2015_Floods,15f,2020,1,1,59.0,0.0,59.0,0.0,0.0,,0.0,61786114.6,708671.95,61432201.730000004,8742233.25,2.0,3027074.0,73826.98000000001,3027074.0,1451707.81,,,,,,,,,,,,,,,126.0,,8.0,0.84,,,,,,,,,,,,,,,,,,,,,,780803164.0,8.0,0.84
2015_Floods,15f,2020,3,1,64.0,0.0,64.0,0.0,0.0,,0.0,60243864.06,4180782.43,62670387.02,1751984181775.57,3.0,3088366.85,152115.9,3088366.85,1667454.01,,,3.0,34.0,,,,,,,,,,,323.0,,8.0,0.84,,,,,,,,,,,,,,,,,,,,,,780803164.0,8.0,0.84
2015_Floods,15f,2020,4,1,66.0,0.0,66.0,0.0,0.0,,0.0,45201833.48,4337335.91,42926236.97,28967256.12,5.0,3143689.85,494535.31,3091250.18,2161989.3200000003,,,3.0,34.0,,,,,,,,,,,323.0,,35.0,0.8862857142857142,,,,35215.6,27.0,0.9,,,,,,,,,,,,,,,,780803164.0,8.0,0.84
2015_Floods,15f,2021,1,1,52.0,0.0,52.0,0.0,0.0,,0.0,42179578.05,2295779.61,36922476.6,1821794525432.5,1.0,3000000.0,825745.41,3000000.0,2957456.63,,,3.0,27.0,,,,,,,,,,,323.0,,8.0,0.84,,,,,,,,,,,,,,,,,,,,,,780803164.0,8.0,0.84
2015_Floods,15f,2021,2,1,64.0,0.0,64.0,0.0,0.0,,0.0,52852018.64,2069891.59,45683718.09,3440594600513.38,3.0,3055204.1,15955.23,3052763.16,3010219.81,4586.0,4586.0,11.0,35.0,,,,,,,,,,,323.0,,7.0,0.84,,,,,,,,,,,,,,,,,,,,,,700947044.0,7.0,0.84
2015_Floods,15f,2021,3,1,55.0,0.0,55.0,0.0,0.0,,0.0,41732469.339999996,2494305.72,38883197.98,7021026827192.689,3.0,3049976.25,6713.77,3070023.75,2957470490023.75,4586.0,4586.0,12.0,36.0,,,,,,,,,,,,,7.0,0.84,,,,,,,,,,,,,,,,,,,,,,700947044.0,7.0,0.84
2015_Floods,15f,2021,4,1,50.0,1.0,49.0,0.0,0.02,,0.0,37818145.95,1261342.16,40221006.89,4015035717475.05,,,,,,4586.0,4586.0,12.0,36.0,,,,,,,,,,,,,7.0,0.84,,,,,,,,,,,,,,,,,,,,,,700947044.0,7.0,0.84
2015_Floods,15f,2022,1,1,44.0,1.0,43.0,0.0,0.022727272727272728,,0.0,49973160.57,3972.2700000000004,41173062.94,3394412261513.28,2.0,3027992.0,0.0,3013996.0,2985462.44,,,,,,,,,,,,,,,,,7.0,0.84,,,,,,,,,,,,,,,,,,,,,,700947044.0,7.0,0.84
2015_Floods,15f,2022,2,1,42.0,0.0,42.0,0.0,0.0,,0.0,40406874.9,1166.48,34717490.89,4603453150183.15,1.0,45227.85,0.0,0.0,35752.4,,,,,,,,,,,,,,,,,7.0,0.84,,,,,,,,,,,,,,,,,,,,,,700947044.0,7.0,0.84
2015_Floods,15f,2022,3,1,36.0,5.0,31.0,0.0,0.1388888888888889,,0.0,36135038.48,0.0,20300124.18,5044604619757.37,2.0,3027331.0,0.0,3027331.0,2945291.8000000003,,,,,,,,,,,,,,,,,7.0,0.84,,,,,,,,,,,,,,,,,,,,,,700947044.0,7.0,0.84
2015_Floods,15f,2022,4,1,15.0,0.0,15.0,0.0,0.0,,0.0,14796557.04,0.0,4357353.24,8650665.93,2.0,37050.25,0.0,19578.22,13101.97,,,,,,,,,,,,,,,1.0,,7.0,0.84,,,,,,,,,,,,,,,,,,,,,,700947044.0,7.0,0.84
2015_Floods,15f,2023,1,1,9.0,0.0,9.0,0.0,0.0,,0.0,13638314.66,0.0,4835267.15,8453776.74,1.0,3100000.0,0.0,0.0,2940182.99,,,,,,,,,,,,,,,,,7.0,0.84,,,,,,,,,,,,,,,,,,,,,,700947044.0,7.0,0.84
2015_Floods,15f,2023,2,1,9.0,0.0,9.0,0.0,0.0,,0.0,13367389.07,0.0,476072.30999999994,2047845815691.59,2.0,3128300.0,0.0,53827.0,2940182.99,,,,,,,,,,,,,,,,,7.0,0.84,,,,,,,,,,,,,,,,,,,,,,700947044.0,7.0,0.84
2015_Floods,15f,2023,3,1,56.0,0.0,56.0,0.0,0.0,,0.0,42634351.230000004,1165186.54,36133277.94,5285808465717.9795,5.0,837205.5,0.0,606177.81,2982357.68,,,,,,,,,,,,,,,1.0,,7.0,0.84,,,,,,,,,,,,,,,,,,,,,,700947044.0,7.0,0.84
2015_Floods,15f,2024,1,1,19.0,2.0,17.0,0.0,0.10526315789473684,,0.0,23605480.39,19952.5,12800088.98,6615954886427.99,1.0,809874.5,0.0,3701069.0,2933191.69,,,,,,,,,,,,,,,,,7.0,0.84,,,,,,,,,,,,,,,,,,,,,,700947044.0,7.0,0.84
2015_Floods,15f,2024,2,1,39.0,6.0,33.0,0.0,0.15384615384615385,,0.0,35608420.800000004,1858.83,25553449.72,11110627147409.041,1.0,837205.5,0.0,2933192.6,2933192.6,,,,,,,,,,,,,,,,,7.0,0.84,,,,,,,,,,,,,,,,,,,,,,700947044.0,7.0,0.84
2015_Floods,15f,2024,3,1,16.0,8.0,8.0,0.0,0.5,,0.0,12597330.52,41.08,10014474.12,4888549014043.04,,,,,,,,,,,,,,,,,,,,,,7.0,0.84,,,,,,,,,,,,,,,,,,,,,,700947044.0,7.0,0.84
2015_Floods,15f,2024,4,1,10.0,5.0,5.0,0.0,0.5,,0.0,7492251.0,5516.89,2401868.48,6884019589496.08,1.0,837205.5,0.0,588.88,2932603.72,,,,,,,,,,,,,,,,,7.0,0.84,,,,,,,,,,,,,,,,,,,,,,700947044.0,7.0,0.84
2015_Floods,15f,2025,1,1,18.0,9.0,9.0,0.0,0.5,,0.0,20935162.92,910810.42,11370439.17,7968031892467.04,1.0,837205.5,0.0,136.41,2932740.13,,,,,,,,,,,,,,,,,7.0,0.84,,,,,,,,,,,,,,,,,,,,,,700947044.0,7.0,0.84
2015_Floods,15f,2025,2,1,14.0,2.0,10.0,2.0,0.14285714285714285,,0.0,13374726.92,100.79,5829229.95,6150076531371.79,1.0,837205.5,0.0,13824.08,2946564.21,,,,,,,,,,,,,,,,,7.0,0.84,,,,,,,,,,,,,,,,,,,,,,700947044.0,7.0,0.84
2015_Floods,15f,2025,3,1,13.0,4.0,7.0,2.0,0.3076923076923077,,0.0,4761088.04,1190.52,13644779.04,15705489.89,1.0,837205.5,0.0,2961058.13,2961058.13,,,,,,,,,,,,,,,,,7.0,0.84,,,,,,,,,,,,,,,,,,,,,,700947044.0,7.0,0.84
2015_Floods,f15,2017,2,1,2.0,0.0,2.0,0.0,0.0,,0.0,122125.94,22935.52,145977.9,127326.77,1.0,108805.5,0.0,123042.38,123042.38,,,,,,,,,,,,,,,,,8.0,0.84,,,,,,,,,,,,,,,,,,,,,,780803164.0,8.0,0.84
2015_Floods,f15,2017,3,1,2.0,0.0,2.0,0.0,0.0,,0.0,122125.94,13121.07,363282.98,191052.53,1.0,108805.5,0.0,212150.86,177732.09,,,,,,,,,,,,,,,,,8.0,0.84,,,,,,,,,,,,,,,,,,,,,,780803164.0,8.0,0.84
2015_Floods,f15,2017,4,1,2.0,0.0,2.0,0.0,0.0,,0.0,122125.94,13121.07,363282.98,191052.53,1.0,108805.5,0.0,212150.86,177732.09,,,,,,,,,,,,,,,,,8.0,0.84,,,,,,,,,,,,,,,,,,,,,,780803164.0,8.0,0.84
2015_Floods,f15,2018,1,1,2.0,0.0,2.0,0.0,0.0,,0.0,122125.94,55933.81,363262.64,294207.76,1.0,108805.5,0.0,280887.32,280887.32,,,,,,,,,,,,,,,,,8.0,0.84,,,,,,,,,,,,,,,,,,,,,,780803164.0,8.0,0.84
2015_Floods,f15,2018,2,1,28.0,0.0,28.0,0.0,0.0,,0.0,18291405.97,49216.65,19749404.33,21216758.01,4.0,1559988.0,49216.65,1533488.0,1252600.68,,,,,,,,,,,,,,,323.0,,8.0,0.84,,,,,,,,,,,,,,,,,,,,,,780803164.0,8.0,0.84
2015_Floods,f15,2018,3,1,26.0,0.0,26.0,0.0,0.0,,0.0,15979067.04,163103.46,19016808.88,18881405.31,6.0,1720784.85,163103.46,1677645.85,678435.28,,,,,,,,,,,,,,,,,8.0,0.84,,,,,,,,,,,,,,,,,,,,,,780803164.0,8.0,0.84
2015_Floods,f15,2019,1,1,33.0,0.0,33.0,0.0,0.0,,0.0,23649868.13,700640.86,27898852.25,8131057.8100000005,3.0,3067074.0,155851.38,3027074.0,1617828.99,,,,,,,,,,,,,,,718.47,,8.0,0.84,,,,,,,,,,,,,,,,,,,,,,780803164.0,8.0,0.84
2015_Floods,f15,2019,2,1,33.0,0.0,33.0,0.0,0.0,,0.0,29173702.84,462098.99,30547462.89,1068741799567.9299,2.0,3027570.0,4299.0,3027570.0,1068740174298.9999,,,,,,,,,,,,,,,323.0,,8.0,0.84,,,,,,,,,,,,,,,,,,,,,,780803164.0,8.0,0.84
2015_Floods,f15,2019,3,1,29.0,0.0,29.0,0.0,0.0,,0.0,26332390.63,1219332.72,32309739.63,6105911.54,2.0,3027331.0,135984.37,3027331.0,1232055.54,,,,,,,,,,,,,,,323.0,,8.0,0.84,,,,,,,,,,,,,,,,,,,,,,780803164.0,8.0,0.84
2015_Floods,f15,2020,2,1,62.0,0.0,62.0,0.0,0.0,,0.0,51946081.3,3017534.55,391522590539718.2,1515351741290.22,1.0,3000000.0,0.0,3000000.0,1515338110000.0,,,,,,,,,,,,,,,323.0,,8.0,0.84,,,,,,,,,,,,,,,,,,,,,,780803164.0,8.0,0.84
2016_Floods,16f,2019,4,1,66.0,0.0,66.0,0.0,0.0,,0.0,136011404.01,1967652.21,178233467.43,4749949761552.63,3.0,10507439.0,478788.09,6049105.31,2016379.4100000001,,,,,,,,,,,,,,,10.0,,8.0,0.8474999999999999,,,,,,,,,,,,,29.0,1.0,0.9,,,,,,,1416625321.0,7.0,0.84
2016_Floods,16f,2020,1,1,57.0,0.0,57.0,0.0,0.0,,0.0,125432295.45,1769251.35,151931926.72,92364954935.18001,3.0,10724302.0,94473.76000000001,6265968.31,2077784.47,,,6.0,93.0,,,,,,,,,,,16.0,,8.0,0.8474999999999999,,,,,,,,,,,,,29.0,1.0,0.9,,,,,,,1416625321.0,7.0,0.84
2016_Floods,16f,2020,3,1,63.0,0.0,63.0,0.0,0.0,,0.0,121533963.82,2873315.6999999997,160390340.19,1146224974781.22,4.0,10425073.93,123807.8,10425073.93,4189312.79,,,18.0,93.0,,,,,,,,,,,4.0,,8.0,0.8474999999999999,,,,,,,,,,,,,29.0,1.0,0.9,,,,,,,1416625321.0,7.0,0.84
2016_Floods,16f,2020,4,1,58.0,0.0,58.0,0.0,0.0,,0.0,111671051.52,4098751.24,101433944.28,6449140123618.84,1.0,10132350.93,442891.75,10132350.93,2665378.35,,,18.0,93.0,,,,,,,,,,,4.0,,25.0,0.8832000000000001,,,,33266.13,17.0,0.9,,,,,,,29.0,1.0,0.9,,,,,,,1416625321.0,7.0,0.84
2016_Floods,16f,2021,1,1,61.0,0.0,61.0,0.0,0.0,,0.0,120392004.2,4556855.59,84438938.03999999,8576134620854.5,2.0,10132350.93,33149.5,10310740.93,6369684.07,,,19.0,102.0,,,,,,,,,,,3.0,,8.0,0.8474999999999999,,,,,,,,,,,,,29.0,1.0,0.9,,,,,,,1416625321.0,7.0,0.84
2016_Floods,16f,2021,2,1,67.0,0.0,67.0,0.0,0.0,,0.0,188255956.36,7389786.93,98860104.27,9457579940209.621,1.0,10132350.93,3601686.56,10132350.93,9938221.13,14245.0,14245.0,22.0,124.0,,,,,,,,,,,4.0,,7.0,0.8485714285714285,,,,,,,,,,,,,29.0,1.0,0.9,,,,,,,839085203.0,6.0,0.84
2016_Floods,16f,2021,3,1,73.0,0.0,73.0,0.0,0.0,,0.0,177447170.65,2138837.74,98778068.49,6864297758895.069,3.0,40000.0,50001.990000000005,226853.16,44688.33,14245.0,14245.0,22.0,124.0,,,,,,,,,,,3.0,,7.0,0.8485714285714285,,,,,,,,,,,,,29.0,1.0,0.9,,,,,,,839085203.0,6.0,0.84
2016_Floods,16f,2021,4,1,68.0,0.0,68.0,0.0,0.0,,0.0,184033434.18,6716605.83,128014075.5,7633489777340.46,1.0,33981.07,1732.25,1732.25,1732.25,11935.0,11935.0,25.0,147.0,,,,,,,,,,,2022.0,,7.0,0.8485714285714285,,,,,,,,,,,,,29.0,1.0,0.9,,,,,,,839085203.0,6.0,0.84
2016_Floods,16f,2022,1,1,72.0,0.0,72.0,0.0,0.0,,0.0,197798343.64,1576.76,144019047.81,3208892203967.44,1.0,40000.0,0.0,16000.0,26000.0,,,,,,,,,,,,,,,,,7.0,0.8485714285714285,,,,,,,,,,,,,29.0,1.0,0.9,,,,,,,839085203.0,6.0,0.84
2016_Floods,16f,2022,2,1,74.0,0.0,74.0,0.0,0.0,,0.0,204307948.46,706.03,134761041.96,29689339218859.0,3.0,10212350.93,0.0,10145350.93,9461998.89,,,,,,,,,,,,,,,2016.0,,7.0,0.8485714285714285,,,,,,,,,,,,,29.0,1.0,0.9,,,,,,,839085203.0,6.0,0.84
2016_Floods,16f,2022,3,1,64.0,0.0,63.0,1.0,0.0,,0.0,177289570.12,0.0,87786342.56,2624916757759.46,4.0,10350740.93,0.0,10342740.93,9690622.51,,,,,,,,,,,,,,,,,7.0,0.8485714285714285,,,,,,,,,,,,,29.0,1.0,0.9,,,,,,,839085203.0,6.0,0.84
2016_Floods,16f,2022,4,1,64.0,0.0,64.0,0.0,0.0,,0.0,160780361.05,7586523.16,137873547.10999998,7854206019593.14,2.0,10186457.28,0.0,10438953.58,9751093.25,,,,,,,,,,,,,,,5.0,,7.0,0.8485714285714285,,,,,,,,,,,,,29.0,1.0,0.9,,,,,,,839085203.0,6.0,0.84
2016_Floods,16f,2023,1,1,69.0,0.0,69.0,0.0,0.0,,0.0,195084406.5,0.0,104559577.17,14448978169727.43,4.0,10314083.18,0.0,9491250.94,9491250.94,,,,,,,,,,,,,,,7.0,,7.0,0.8485714285714285,,,,,,,,,,,,,29.0,1.0,0.9,,,,,,,839085203.0,6.0,0.84
2016_Floods,16f,2023,2,1,68.0,0.0,68.0,0.0,0.0,,0.0,163168713.3,232928.95,116967521.89999999,21166514882394.09,4.0,10290350.93,0.0,9508490.58,9444490650000.0,,,,,,,,,,,,,,,,,7.0,0.8485714285714285,,,,,,,,,,,,,29.0,1.0,0.9,,,,,,,839085203.0,6.0,0.84
2016_Floods,16f,2023,3,1,73.0,10.0,63.0,0.0,0.136986301369863,,0.0,181532337.54,50237.590000000004,116915102.21000001,33180418333062.3,4.0,10323499.42,0.0,9519342.09,9444490642851.51,,,,,,,,,,,,,,,,,7.0,0.8485714285714285,,,,,,,,,,,,,29.0,1.0,0.9,,,,,,,839085203.0,6.0,0.84
2016_Floods,16f,2023,4,1,41.0,0.0,41.0,0.0,0.0,,0.0,139153520.9,2567681.78,80456547.03,9837634533247.57,2.0,10246350.93,0.0,45968.93,9478459.51,,,,,,,,,,,,,,,,,7.0,0.8485714285714285,,,,,,,,,,,,,29.0,1.0,0.9,,,,,,,839085203.0,6.0,0.84
2016_Floods,16f,2024,1,1,53.0,3.0,50.0,0.0,0.05660377358490566,,0.0,129429089.28,1976.62,87702203.85,21305042443003.75,,,,,,,,,,,,,,,,,,,,,,7.0,0.8485714285714285,,,,,,,,,,,,,29.0,1.0,0.9,,,,,,,839085203.0,6.0,0.84
2016_Floods,16f,2024,2,1,38.0,2.0,36.0,0.0,0.05263157894736842,,0.0,139062490.71,13085.369999999999,96996373.03,10098767595235.73,2.0,10246350.93,0.0,14000.0,9464459.51,,,,,,,,,,,,,,,,,7.0,0.8485714285714285,,,,,,,,,,,,,29.0,1.0,0.9,,,,,,,839085203.0,6.0,0.84
2016_Floods,16f,2024,3,1,50.0,8.0,42.0,0.0,0.16,,0.0,137702997.12,5010.4,105849780.65,12084582341424.44,1.0,11933601.51,0.0,1701250.58,9464936.53,,,,,,,,,,,,,,,,,7.0,0.8485714285714285,,,,,,,,,,,,,29.0,1.0,0.9,,,,,,,839085203.0,6.0,0.84
2016_Floods,16f,2024,4,1,32.0,0.0,31.0,1.0,0.0,,0.0,104385929.09,2594.7700000000004,100422207.32,20779021679758.5,2.0,11944750.0,0.0,9464395.38,9464395380000.0,,,,,,,,,,,,,,,27.0,,7.0,0.8485714285714285,,,,,,,,,,,,,29.0,1.0,0.9,,,,,,,839085203.0,6.0,0.84
2016_Floods,16f,2025,1,1,34.0,1.0,32.0,1.0,0.029411764705882353,,0.0,129331875.4,2041196.4000000001,93706258.98,28552231356150.91,1.0,11944750.0,0.0,18393.96,9482789340000.0,,,,,,,,,,,,,,,,,7.0,0.8485714285714285,,,,,,,,,,,,,29.0,1.0,0.9,,,,,,,839085203.0,6.0,0.84
2016_Floods,16f,2025,2,1,41.0,0.0,41.0,0.0,0.0,,0.0,127920837.28,1258.52,87633625.5,10694167644133.1,1.0,11944750.0,0.0,4272.51,9478516.83,,,,,,,,,,,,,,,,,7.0,0.8485714285714285,,,,,,,,,,,,,29.0,1.0,0.9,,,,,,,839085203.0,6.0,0.84
2016_Floods,16f,2025,3,1,34.0,8.0,26.0,0.0,0.23529411764705882,,0.0,116196429.2,636.53,66212189.54,6422448735271.61,1.0,11944750.0,0.0,21076.39,9499593.22,,,,,,,,,,,,,,,,,7.0,0.8485714285714285,,,,,,,,,,,,,29.0,1.0,0.9,,,,,,,839085203.0,6.0,0.84
2016_Floods,f16,2018,2,1,2.0,0.0,2.0,0.0,0.0,,0.0,33377600.0,166666.91,818417.0,818417.0,1.0,11113200.0,110627.91,818417.0,818417.0,,,,,,,,,,,,,,,,,8.0,0.8474999999999999,,,,,,,,,,,,,29.0,1.0,0.9,,,,,,,1416625321.0,7.0,0.84
2016_Floods,f16,2018,3,1,10.0,0.0,10.0,0.0,0.0,,0.0,49844944.76,459406.2,28801889.93,28477889.18,3.0,11573909.0,421597.27,1279126.0,992934.18,,,,,,,,,,,,,,,,,8.0,0.8474999999999999,,,,,,,,,,,,,29.0,1.0,0.9,,,,,,,1416625321.0,7.0,0.84
2016_Floods,f16,2018,4,1,27.0,0.0,27.0,0.0,0.0,,0.0,76204901.45,349805.59,60797795.57,33852106.79,6.0,11871163.42,0.0,1210741.42,1123373.83,,,,,,,,,,,,,,,,,8.0,0.8474999999999999,,,,,,,,,,,,,29.0,1.0,0.9,,,,,,,1416625321.0,7.0,0.84
2016_Floods,f16,2019,1,1,10.0,0.0,10.0,0.0,0.0,,0.0,43810139.0,857058.88,38294255.04,27622097.0,1.0,11113200.0,432769.44,6000000.0,5181583.0,,,,,,,,,,,,,,,,,8.0,0.8474999999999999,,,,,,,,,,,,,29.0,1.0,0.9,,,,,,,1416625321.0,7.0,0.84
2016_Floods,f16,2019,2,1,29.0,0.0,29.0,0.0,0.0,,0.0,111876982.6,452596.05,96315999.12,31634523.34,5.0,11594744.0,99569.75,1883051.74,1685129.35,,,,,,,,,,,,,,,,,8.0,0.8474999999999999,,,,,,,,,,,,,29.0,1.0,0.9,,,,,,,1416625321.0,7.0,0.84
2016_Floods,f16,2019,3,1,32.0,0.0,32.0,0.0,0.0,,0.0,114094174.67,699648.98,111515136.53,36007853.84,2.0,10320190.0,343232.62,383232.62,1534854.58,,,,,,,,,,,,,,,,,8.0,0.8474999999999999,,,,,,,,,,,,,29.0,1.0,0.9,,,,,,,1416625321.0,7.0,0.84
2016_Floods,f16,2020,2,1,56.0,0.0,56.0,0.0,0.0,,0.0,104465346.18,1722245.1099999999,132439861.5,9916566712924.09,6.0,10539055.0,81319.35,474543.14,2219375.0,,,7.0,93.0,,,,,,,,,,,4.0,,8.0,0.8474999999999999,,,,,,,,,,,,,29.0,1.0,0.9,,,,,,,1416625321.0,7.0,0.84
2018_Floods_ActionPlan,2018-floods,2022,3,1,14.0,0.0,14.0,0.0,0.0,,0.0,16513000.0,0.0,0.0,0.0,3.0,0.0,0.0,0.0,0.0,,,,,,,,,,,,,,,600.0,,1.0,0.76,,,,,,,20000.0,1.0,0.76,,,,,,,,,,,,,,,
2018_Floods_ActionPlan,2018-floods,2022,4,1,14.0,0.0,14.0,0.0,0.0,,0.0,13513000.0,0.0,0.0,0.0,3.0,0.0,0.0,0.0,0.0,,,,,,,,,,,,,,,600.0,,1.0,0.76,,,,,,,20000.0,1.0,0.76,,,,,,,,,,,,,,,
2018_Floods_ActionPlan,2018-floods,2023,1,1,15.0,0.0,14.0,0.0,0.0,,0.0,10513000.0,0.0,0.0,0.0,3.0,0.0,0.0,0.0,0.0,,,,,,,,,,,,,,,600.0,,1.0,0.76,,,,,,,20000.0,1.0,0.76,,,,,,,,,,,,,,,
2018_Floods_ActionPlan,2018-floods,2023,2,1,13.0,0.0,13.0,0.0,0.0,,0.0,10513000.0,0.0,0.0,0.0,2.0,0.0,0.0,0.0,0.0,,,,,,,,,,,,,,,600.0,,1.0,0.76,,,,,,,20000.0,1.0,0.76,,,,,,,,,,,,,,,
2018_Floods_ActionPlan,2018-floods,2023,3,1,20.0,0.0,20.0,0.0,0.0,,0.0,11739000.0,0.0,0.0,0.0,2.0,0.0,0.0,0.0,0.0,,,,,,,,,,,,,,,600.0,,1.0,0.76,,,,,,,20000.0,1.0,0.76,,,,,,,,,,,,,,,
2018_Floods_ActionPlan,2018-floods,2023,4,1,21.0,0.0,21.0,0.0,0.0,,0.0,15025000.0,0.0,0.0,0.0,2.0,0.0,0.0,0.0,0.0,,,,,,,,,,,,,,,600.0,,1.0,0.76,,,,,,,20000.0,1.0,0.76,,,,,,,,,,,,,,,
2018_Floods_ActionPlan,2018-floods,2024,1,1,27.0,0.0,27.0,0.0,0.0,,0.0,20331625.2,0.0,0.0,0.0,2.0,0.0,0.0,0.0,0.0,,,,,,,,,,,,,,,600.0,,1.0,0.76,,,,,,,20000.0,1.0,0.76,,,,,,,,,,,,,,,
2018_Floods_ActionPlan,2018-floods,2024,2,1,30.0,0.0,30.0,0.0,0.0,,0.0,20615925.1,0.0,0.0,0.0,2.0,0.0,0.0,0.0,0.0,,,,,,,,,,,,,,,600.0,,1.0,0.76,,,,,,,20000.0,1.0,0.76,,,,,,,,,,,,,,,
2018_Floods_ActionPlan,2018-floods,2024,3,1,30.0,0.0,30.0,0.0,0.0,,0.0,20615925.1,0.0,0.0,0.0,2.0,0.0,0.0,0.0,0.0,,,,,,,,,,,,,,,600.0,,1.0,0.76,,,,,,,20000.0,1.0,0.76,,,,,,,,,,,,,,,
2018_Floods_ActionPlan,2018-floods,2024,4,1,31.0,0.0,31.0,0.0,0.0,,0.0,0.0,0.0,0.0,0.0,2.0,0.0,0.0,0.0,0.0,,,,,,,,,,,,,,,600.0,,1.0,0.76,,,,,,,20000.0,1.0,0.76,,,,,,,,,,,,,,,
2018_Floods_ActionPlan,2018-floods,2025,1,1,31.0,0.0,30.0,1.0,0.0,,0.0,0.0,0.0,0.0,0.0,2.0,0.0,0.0,0.0,0.0,,,,,,,,,,,,,,,600.0,,1.0,0.76,,,,,,,20000.0,1.0,0.76,,,,,,,,,,,,,,,
2018_Floods_ActionPlan,2018-floods,2025,2,1,35.0,0.0,34.0,1.0,0.0,,0.0,0.0,0.0,0.0,0.0,2.0,0.0,0.0,0.0,0.0,,,,,,,,,,,,,,,600.0,,1.0,0.76,,,,,,,20000.0,1.0,0.76,,,,,,,,,,,,,,,
2018_Floods_ActionPlan,2018-floods,2025,3,1,35.0,0.0,34.0,1.0,0.0,,0.0,0.0,0.0,0.0,0.0,2.0,0.0,0.0,0.0,0.0,,,,,,,,,,,,,,,600.0,,1.0,0.76,,,,,,,20000.0,1.0,0.76,,,,,,,,,,,,,,,
2018_Floods_ActionPlan,2018-floods,2025,4,1,34.0,0.0,33.0,1.0,0.0,,0.0,0.0,0.0,0.0,0.0,2.0,0.0,0.0,0.0,0.0,,,,,,,,,,,,,,,600.0,,1.0,0.76,,,,,,,20000.0,1.0,0.76,,,,,,,,,,,,,,,
2018_Floods_ActionPlan,2018-south-texas-floods,2021,3,1,15.0,0.0,14.0,1.0,0.0,,0.0,16513000.0,0.0,0.0,0.0,2.0,0.0,0.0,0.0,0.0,,,,,,,,,,,,,,,600.0,,1.0,0.76,,,,,,,20000.0,1.0,0.76,,,,,,,,,,,,,,,
2018_Floods_ActionPlan,2018-south-texas-floods,2021,4,1,15.0,0.0,14.0,1.0,0.0,,0.0,16513000.0,0.0,0.0,0.0,2.0,0.0,0.0,0.0,0.0,,,,,,,,,,,,,,,600.0,,1.0,0.76,,,,,,,20000.0,1.0,0.76,,,,,,,,,,,,,,,
2018_Floods_ActionPlan,2018-south-texas-floods,2022,1,1,14.0,0.0,14.0,0.0,0.0,,0.0,16513000.0,0.0,0.0,0.0,2.0,0.0,0.0,0.0,0.0,,,,,,,,,,,,,,,600.0,,1.0,0.76,,,,,,,20000.0,1.0,0.76,,,,,,,,,,,,,,,
2018_Floods_ActionPlan,2018-south-texas-floods,2022,2,1,14.0,0.0,14.0,0.0,0.0,,0.0,16513000.0,0.0,0.0,0.0,2.0,0.0,0.0,0.0,0.0,,,,,,,,,,,,,,,600.0,,1.0,0.76,,,,,,,20000.0,1.0,0.76,,,,,,,,,,,,,,,
2018_Floods_Performance,2018-floods,2021,3,1,13.0,0.0,13.0,0.0,0.0,,0.0,52074600.0,310988.47,53005281.43,36986530.66,2.0,7291300.0,11201.08,3645650.0,3645650.0,,,,,,,,,,,,,,,600.0,,1.0,0.76,,,,,,,20000.0,1.0,0.76,,,,,,,,,,,,,,,
2018_Floods_Performance,2018-floods,2021,4,1,14.0,0.0,14.0,0.0,0.0,,0.0,91454600.0,23622.38,72695281.43,45699444.26,2.0,7291300.0,2002.96,3645650.0,208992.19,,,1.0,15.0,,,,,,,,,,,600.0,,1.0,0.76,,,,,,,20000.0,1.0,0.76,,,,,,,,,,,,,,,
2018_Floods_Performance,2018-floods,2022,1,1,12.0,0.0,12.0,0.0,0.0,,0.0,45177100.0,0.0,49556531.43,25750777.69,1.0,393800.0,0.0,196900.0,196900.0,,,,,,,,,,,,,,,600.0,,1.0,0.76,,,,,,,20000.0,1.0,0.76,,,,,,,,,,,,,,,
2018_Floods_Performance,2018-floods,2022,2,1,12.0,0.0,12.0,0.0,0.0,,0.0,45177100.0,0.0,49556531.43,25991201.64,1.0,393800.0,0.0,196900.0,196900.0,,,,,,,,,,,,,,,600.0,,1.0,0.76,,,,,,,20000.0,1.0,0.76,,,,,,,,,,,,,,,
2018_Floods_Performance,2018-floods,2022,3,1,14.0,0.0,14.0,0.0,0.0,,0.0,91454600.0,0.0,72261300.0,46508592.33,3.0,46671300.0,0.0,23335650.0,19951342.02,,,,,,,,,,,,,,,600.0,,1.0,0.76,,,,,,,20000.0,1.0,0.76,,,,,,,,,,,,,,,
2018_Floods_Performance,2018-floods,2022,4,1,14.0,0.0,14.0,0.0,0.0,,0.0,74978600.0,3000000.0,69261300.0,54849290.42,3.0,40671300.0,0.0,20335650.0,20102274.61,,,,,,,,,,,,,,,600.0,,1.0,0.76,,,,,,,20000.0,1.0,0.76,,,,,,,,,,,,,,,
2018_Floods_Performance,2018-floods,2023,2,1,12.0,0.0,12.0,0.0,0.0,,0.0,34701100.0,0.0,49122550.0,29431606.57,1.0,393800.0,0.0,196900.0,196900.0,,,,,,,,,,,,,,,600.0,,1.0,0.76,,,,,,,20000.0,1.0,0.76,,,,,,,,,,,,,,,
2018_Floods_Performance,2018-floods,2023,3,1,5.0,0.0,5.0,0.0,0.0,,0.0,28808750.0,0.0,20071750.0,14304708.29,1.0,3448750.0,0.0,3448750.0,125413.25,,,,,,,,,,,,,,,600.0,,1.0,0.76,,,,,,,20000.0,1.0,0.76,,,,,,,,,,,,,,,
2018_Floods_Performance,2018-floods,2023,4,1,13.0,0.0,13.0,0.0,0.0,,0.0,47079300.0,286000.0,37724532.09,29952707.52,2.0,3645650.0,0.0,3645650.0,3412274.61,,,,,,,,,,,,,,,600.0,,1.0,0.76,,,,,,,20000.0,1.0,0.76,,,,,,,,,,,,,,,
2018_Floods_Performance,2018-floods,2024,1,1,25.0,0.0,25.0,0.0,0.0,,0.0,29900912.36,375000.0,53046522.56,44021713.62,2.0,3645650.0,0.0,2320000.0,1522550.0,,,,,,,,,,,,,,,600.0,,1.0,0.76,,,,,,,20000.0,1.0,0.76,,,,,,,,,,,,,,,
2018_Floods_Performance,2018-floods,2024,2,1,19.0,0.0,19.0,0.0,0.0,,0.0,46332112.36,229204.02,49553390.2,42371237.24,1.0,3448750.0,0.0,3448750.0,1325650.0,,,,,,,,,,,,,,,600.0,,1.0,0.76,,,,,,,20000.0,1.0,0.76,,,,,,,,,,,,,,,
2018_Floods_Performance,2018-floods,2024,3,1,25.0,0.0,25.0,0.0,0.0,,0.0,22179222.16,0.0,57476801.77,5741786495796.21,1.0,196900.0,0.0,196900.0,196900.0,,,,,,,,,,,,,,,600.0,,1.0,0.76,,,,,,,20000.0,1.0,0.76,,,,,,,,,,,,,,,
2018_Floods_Performance,2018-floods,2024,4,1,22.0,0.0,22.0,0.0,0.0,,0.0,23362802.31,235256.53,54506812.8,38940792.8,2.0,3645650.0,0.0,3645650.0,1522550.0,,,,,,,,,,,,,,,600.0,,1.0,0.76,,,,,,,20000.0,1.0,0.76,,,,,,,,,,,,,,,
2018_Floods_Performance,2018-floods,2025,1,1,13.0,0.0,13.0,0.0,0.0,,0.0,40037338.75,0.0,41970333.67,4809975245531.5,,,,,,,,,,,,,,,,,,,,600.0,,1.0,0.76,,,,,,,20000.0,1.0,0.76,,,,,,,,,,,,,,,
2018_Floods_Performance,2018-floods,2025,2,1,23.0,0.0,23.0,0.0,0.0,,0.0,24688797.759999998,0.0,48644571.349999994,2489495605505.77,2.0,3645650.0,0.0,2419229.6399999997,1473714.82,,,,,,,,,,,,,,,600.0,,1.0,0.76,,,,,,,20000.0,1.0,0.76,,,,,,,,,,,,,,,
2018_Floods_Performance,2018-floods,2025,3,1,25.0,0.0,25.0,0.0,0.0,,0.0,29364433.97,0.0,51519903.53,44853548.45,1.0,3596814.82,0.0,2271164.82,1325650.0,,,,,,,,,,,,,,,600.0,,1.0,0.76,,,,,,,20000.0,1.0,0.76,,,,,,,,,,,,,,,
2018_Floods_Performance,2018-floodsgrantreport,2023,1,1,13.0,0.0,12.0,0.0,0.0,,0.0,34701100.0,0.0,49122550.0,31443710.64,1.0,393800.0,0.0,196900.0,196900.0,,,,,,,,,,,,,,,600.0,,1.0,0.76,,,,,,,20000.0,1.0,0.76,,,,,,,,,,,,,,,
2019_Disasters_ActionPlan,2018-floods,2024,2,1,30.0,0.0,30.0,0.0,0.0,,0.0,20615925.1,0.0,0.0,0.0,2.0,0.0,0.0,0.0,0.0,,,,,,,,,,,,,,,600.0,,1.0,0.76,,,,,,,20000.0,1.0,0.76,,,,,,,,,,,,,,,
2019_Disasters_ActionPlan,2019-disasters,2021,3,1,24.0,0.0,24.0,0.0,0.0,,0.0,78714100.0,0.0,10637050.0,0.0,2.0,10637050.0,0.0,0.0,0.0,,,,,,,,,,,,,,,6.0,75.0,,,,,,,,,,,,,,,,,,,,,,,,,,
2019_Disasters_ActionPlan,2019-disasters,2021,4,1,24.0,0.0,24.0,0.0,0.0,,0.0,78714100.0,0.0,10637050.0,0.0,2.0,10637050.0,0.0,0.0,0.0,,,,,,,,,,,,,,,6.0,75.0,,,,,,,,,,,,,,,,,,,,,,,,,,
2019_Disasters_ActionPlan,2019-disasters,2022,1,1,24.0,0.0,24.0,0.0,0.0,,0.0,78714100.0,0.0,10637050.0,0.0,2.0,10637050.0,0.0,0.0,0.0,,,,,,,,,,,,,,,6.0,75.0,,,,,,,,,,,,,,,,,,,,,,,,,,
2019_Disasters_ActionPlan,2019-disasters,2022,2,1,24.0,0.0,24.0,0.0,0.0,,0.0,78714100.0,0.0,10637050.0,0.0,2.0,10637050.0,0.0,0.0,0.0,,,,,,,,,,,,,,,6.0,75.0,,,,,,,,,,,,,,,,,,,,,,,,,,
2019_Disasters_ActionPlan,2019-disasters,2022,3,1,24.0,0.0,24.0,0.0,0.0,,0.0,22751000.0,0.0,0.0,0.0,2.0,11375500.0,0.0,0.0,0.0,,,,,,,,,,,,,,,6.0,75.0,,,,,,,,,,,,,,,,,,,,,,,,,,
2019_Disasters_ActionPlan,2019-disasters,2022,4,1,24.0,0.0,24.0,0.0,0.0,,0.0,22751000.0,0.0,0.0,0.0,2.0,11375500.0,0.0,0.0,0.0,,,,,,,,,,,,,,,6.0,75.0,,,,,,,,,,,,,,,,,,,,,,,,,,
2019_Disasters_ActionPlan,2019-disasters,2023,1,1,24.0,0.0,24.0,0.0,0.0,,0.0,22751000.0,0.0,0.0,0.0,2.0,11375500.0,0.0,0.0,0.0,,,,,,,,,,,,,,,6.0,75.0,,,,,,,,,,,,,,,,,,,,,,,,,,
2019_Disasters_ActionPlan,2019-disasters,2023,2,1,23.0,0.0,23.0,0.0,0.0,,0.0,22751000.0,0.0,0.0,0.0,2.0,11375500.0,0.0,0.0,0.0,,,,,,,,,,,,,,,6.0,75.0,,,,,,,,,,,,,,,,,,,,,,,,,,
2019_Disasters_ActionPlan,2019-disasters,2023,3,1,28.0,0.0,28.0,0.0,0.0,,0.0,23750162.14,0.0,0.0,0.0,2.0,11375500.0,0.0,0.0,0.0,,,,,,,,,,,,,,,6.0,75.0,,,,,,,,,,,,,,,,,,,,,,,,,,
2019_Disasters_ActionPlan,2019-disasters,2023,4,1,47.0,0.0,47.0,0.0,0.0,,0.0,23741000.0,0.0,0.0,0.0,2.0,11375500.0,0.0,0.0,0.0,,,,,,,,,,,,,,,6.0,75.0,,,,,,,,,,,,,,,,,,,,,,,,,,
2019_Disasters_ActionPlan,2019-disasters,2024,1,1,59.0,0.0,59.0,0.0,0.0,,0.0,23768954.54,0.0,0.0,0.0,2.0,11375500.0,0.0,0.0,0.0,,,,,,,,,,,,,,,6.0,75.0,,,,,,,,,,,,,,,,,,,,,,,,,,
2019_Disasters_ActionPlan,2019-disasters,2024,3,1,72.0,0.0,72.0,0.0,0.0,,0.0,16599701.54,0.0,0.0,0.0,2.0,11375500.0,0.0,0.0,0.0,,,,,,,,,,,,,,,6.0,75.0,,,,,,,,,,,,,,,,,,,,,,,,,,
2019_Disasters_ActionPlan,2019-disasters,2024,4,1,75.0,0.0,75.0,0.0,0.0,,0.0,23135103.939999998,0.0,0.0,0.0,2.0,11375500.0,0.0,0.0,0.0,,,,,,,,,,,,,,,6.0,75.0,,,,,,,,,,,,,,,,,,,,,,,,,,
2019_Disasters_ActionPlan,2019-disasters,2025,2,1,89.0,0.0,89.0,0.0,0.0,,0.0,24027560.68,0.0,0.0,0.0,2.0,11252995.61,0.0,0.0,0.0,,,,,,,,,,,,,,,6.0,75.0,,,,,,,,,,,,,,,,,,,,,,,,,,
2019_Disasters_ActionPlan,2019-disasters,2025,3,1,88.0,0.0,87.0,1.0,0.0,,0.0,24027560.68,0.0,0.0,0.0,2.0,11252995.61,0.0,0.0,0.0,,,,,,,,,,,,,,,6.0,75.0,,,,,,,,,,,,,,,,,,,,,,,,,,
2019_Disasters_ActionPlan,2019-disasters,2025,4,1,91.0,0.0,90.0,1.0,0.0,,0.0,24023560.68,0.0,0.0,0.0,2.0,11252995.61,0.0,0.0,0.0,,,,,,,,,,,,,,,6.0,75.0,,,,,,,,,,,,,,,,,,,,,,,,,,
2019_Disasters_Performance,2019-disasters,2021,2,1,19.0,0.0,19.0,0.0,0.0,,0.0,144128100.0,0.0,153404100.0,0.0,2.0,10637050.0,0.0,10637050.0,0.0,,,,,,,,,,,,,,,100.0,75.0,,,,,,,,,,,,,,,,,,,,,,,,,,
2019_Disasters_Performance,2019-disasters,2021,3,1,23.0,0.0,23.0,0.0,0.0,,0.0,144986300.0,831137.1699999999,21030083.87,53408687.69,2.0,10637050.0,3218.18,10181650.0,10181650.0,,,,,,,,,,,,,,,,75.0,,,,,,,,,,,,,,,,,,,,,,,,,,
2019_Disasters_Performance,2019-disasters,2021,4,1,,,,,,,,,,,,,,,,,,,,,,,,,,,,,,,,75.0,,,,,,,,,,,,,,,,,,,,,,,,,,
2019_Disasters_Performance,2019-disasters,2022,1,1,22.0,0.0,22.0,0.0,0.0,,0.0,133345450.0,0.0,14928189.28,2345874.31,1.0,574400.0,0.0,119000.0,1635.61,,,,,,,,,,,,,,,,75.0,,,,,,,,,,,,,,,,,,,,,,,,,,
2019_Disasters_Performance,2019-disasters,2022,2,1,22.0,0.0,22.0,0.0,0.0,,0.0,133345450.0,0.0,16836383.89,5369371.16,1.0,574400.0,0.0,119000.0,16297.74,,,,,,,,,,,,,,,,75.0,,,,,,,,,,,,,,,,,,,,,,,,,,
2019_Disasters_Performance,2019-disasters,2022,3,1,24.0,0.0,24.0,0.0,0.0,,0.0,206315000.0,0.0,33670409.480000004,21546822.310000002,2.0,11375500.0,0.0,10381650.0,206451.11,,,,,,,,,,,,,,,,75.0,,,,,,,,,,,,,,,,,,,,,,,,,,
2019_Disasters_Performance,2019-disasters,2022,4,1,23.0,0.0,23.0,0.0,0.0,,0.0,195513900.0,0.0,29669371.32,1623673920298.28,1.0,574400.0,0.0,310468.7,338375.95,,,,,,,,,,,,,,,56.0,75.0,,,,,,,,,,,,,,,,,,,,,,,,,,
2019_Disasters_Performance,2019-disasters,2023,2,1,20.0,0.0,20.0,0.0,0.0,,0.0,104653900.0,0.0,52820506.77,55994867.7,1.0,574400.0,0.0,38525.77,426053.57,,,,,,,,,,,,,,,,75.0,,,,,,,,,,,,,,,,,,,,,,,,,,
2019_Disasters_Performance,2019-disasters,2023,3,1,28.0,0.0,28.0,0.0,0.0,,0.0,126669347.69,5968186.0600000005,62012737.13,14047772262838.11,2.0,11375500.0,0.0,11254545.48,1191895.48,,,,,,,,,,,,,,,,75.0,,,,,,,,,,,,,,,,,,,,,,,,,,
2019_Disasters_Performance,2019-disasters,2023,4,1,39.0,0.0,39.0,0.0,0.0,,0.0,112360800.0,0.0,85729248.27,3983055024277.52,1.0,10801100.0,0.0,10801100.0,22474.09,,,,,,,,,,,,,,,,75.0,,,,,,,,,,,,,,,,,,,,,,,,,,
2019_Disasters_Performance,2019-disasters,2024,1,1,41.0,0.0,41.0,0.0,0.0,,0.0,77037712.82,0.0,67394974.03,6763601511736.359,2.0,11375500.0,0.0,10807022.49,486823.18,,,,,,,,,,,,,,,,75.0,,,,,,,,,,,,,,,,,,,,,,,,,,
2019_Disasters_Performance,2019-disasters,2024,2,1,45.0,0.0,45.0,0.0,0.0,,0.0,68732707.69,343200.0,114000472.43,10653848877552.84,,,,,,,,,,,,,,,,,,,,,75.0,,,,,,,,,,,,,,,,,,,,,,,,,,
2019_Disasters_Performance,2019-disasters,2024,3,1,56.0,0.0,56.0,0.0,0.0,,0.0,71240027.96,0.0,28500092663878.08,12549967386505.771,1.0,574400.0,0.0,570595.63,570595.63,,,,,,,,,,,,,,,,75.0,,,,,,,,,,,,,,,,,,,,,,,,,,
2019_Disasters_Performance,2019-disasters,2024,4,1,47.0,0.0,47.0,0.0,0.0,,0.0,68897574.27,0.0,111090182.21,1546785445433.81,1.0,10801100.0,0.0,10801100.0,515467.09,,,,,,,,,,,,,,,,75.0,,,,,,,,,,,,,,,,,,,,,,,,,,
2019_Disasters_Performance,2019-disasters,2025,1,1,49.0,0.0,49.0,0.0,0.0,,0.0,83188068.38,1331090.13,66743578.58,11197822072998.55,1.0,574400.0,0.0,453445.48,117150.15,,,,,,,,,,,,,,,,75.0,,,,,,,,,,,,,,,,,,,,,,,,,,
2019_Disasters_Performance,2019-disasters,2025,2,1,52.0,0.0,52.0,0.0,0.0,,0.0,161462719.65,0.0,77529776.31,1925915907582.69,2.0,11375500.0,0.0,977514.29,977514.29,,,,,,,,,,,,,,,,75.0,,,,,,,,,,,,,,,,,,,,,,,,,,
2019_Disasters_Performance,2019-disasters,2025,3,1,62.0,0.0,61.0,1.0,0.0,,0.0,145776480.1,4674977.31,100387870.69,8883779743004.37,1.0,11252995.61,0.0,7670.59,533289.27,,,,,,,,,,,,,,,,75.0,,,,,,,,,,,,,,,,,,,,,,,,,,
2019_Disasters_Performance,2019-disastersgrantreport,2023,1,1,20.0,0.0,20.0,0.0,0.0,,0.0,135683900.0,710067.86,57944594.39,41389903.27,1.0,574400.0,0.0,387527.8,387527.8,,,,,,,,,,,,,,,,75.0,,,,,,,,,,,,,,,,,,,,,,,,,,
2024_Disasters,2024-disasters,2025,4,1,12.0,0.0,10.0,2.0,0.0,,0.0,65568700.0,0.0,0.0,0.0,1.0,27784350.0,0.0,0.0,0.0,,,,,,,,,,,,,,,,110.0,,,,,,,,,,,,,,,,,,,,,,,,,,
Expenditure_Reports,cdbg-dr-and-mit-timely-expenditure-report,2020,4,1,,,,,,,,,,,,,,,,,,,,,,,,,,,,,,,,,,,,,,,,,,,,,,,,,,,,,,,,,,
Expenditure_Reports,cdbg-dr-mit-expenditures-report,2020,2,1,,,,,,,,,,,,,,,,,,,,,,,,,,,,,,,,,,,,,,,,,,,,,,,,,,,,,,,,,,
Expenditure_Reports,cdbg-dr-mit-expenditures-report,2020,3,1,,,,,,,,,,,,,,,,,,,,,,,,,,,,,,,,,,,,,,,,,,,,,,,,,,,,,,,,,,
Harvey_57M_ActionPlan,hh57m,2020,3,1,11.0,0.0,4.0,7.0,0.0,,0.0,43465600.0,0.0,43465600.0,0.0,4.0,0.0,0.0,0.0,0.0,,,,,,,,,,,,,,,,150.0,,,,,,,,,,,,,,,,,,,,,,,,,,
Harvey_57M_ActionPlan,hh57m,2020,4,1,612.0,2.0,517.0,93.0,0.0032679738562091504,,0.0,0.0,0.0,0.0,0.0,28.0,0.0,0.0,0.0,0.0,,,,,,,,,,,,,,,2000.0,150.0,,,,,,,,,,,,,,,,,,,,,,,,,,
Harvey_57M_ActionPlan,hh57m,2021,1,1,30.0,0.0,23.0,7.0,0.0,,0.0,56930688.0,0.0,43465600.0,0.0,4.0,2020688.0,0.0,0.0,0.0,,,,,,,,,,,,,,,,150.0,,,,,,,,,,,,,,,,,,,,,,,,,,
Harvey_57M_ActionPlan,hh57m,2022,3,1,16.0,0.0,16.0,0.0,0.0,,0.0,24859728.0,0.0,0.0,0.0,1.0,2890000.0,0.0,0.0,0.0,,,,,,,,,,,,,,,,150.0,,,,,,,,,,,,,,,,,,,,,,,,,,
Harvey_57M_ActionPlan,hh57m,2022,4,1,17.0,0.0,17.0,0.0,0.0,,0.0,12078372.84,0.0,0.0,0.0,1.0,2890000.0,0.0,0.0,0.0,,,,,,,,,,,,,,,,150.0,,,,,,,,,,,,,,,,,,,,,,,,,,
Harvey_57M_ActionPlan,hh57m,2023,1,1,18.0,0.0,17.0,0.0,0.0,,0.0,12078372.84,0.0,0.0,0.0,1.0,2890000.0,0.0,0.0,0.0,,,,,,,,,,,,,,,,150.0,,,,,,,,,,,,,,,,,,,,,,,,,,
Harvey_57M_ActionPlan,hh57m,2023,2,1,16.0,0.0,16.0,0.0,0.0,,0.0,16490600.0,0.0,0.0,0.0,1.0,2890000.0,0.0,0.0,0.0,,,,,,,,,,,,,,,,150.0,,,,,,,,,,,,,,,,,,,,,,,,,,
Harvey_57M_ActionPlan,hh57m,2023,3,1,16.0,0.0,16.0,0.0,0.0,,0.0,16490600.0,0.0,0.0,0.0,1.0,2890000.0,0.0,0.0,0.0,,,,,,,,,,,,,,,,150.0,,,,,,,,,,,,,,,,,,,,,,,,,,
Harvey_57M_ActionPlan,hh57m,2023,4,1,16.0,0.0,16.0,0.0,0.0,,0.0,5180797.93,0.0,0.0,0.0,1.0,2890000.0,0.0,0.0,0.0,,,,,,,,,,,,,,,,150.0,,,,,,,,,,,,,,,,,,,,,,,,,,
Harvey_57M_ActionPlan,hh57m,2024,1,1,16.0,0.0,16.0,0.0,0.0,,0.0,13520830.35,0.0,0.0,0.0,1.0,2890000.0,0.0,0.0,0.0,,,,,,,,,,,,,,,,150.0,,,,,,,,,,,,,,,,,,,,,,,,,,
Harvey_57M_ActionPlan,hh57m,2024,2,1,16.0,0.0,16.0,0.0,0.0,,0.0,13514127.79,0.0,0.0,0.0,1.0,2890000.0,0.0,0.0,0.0,,,,,,,,,,,,,,,,150.0,,,,,,,,,,,,,,,,,,,,,,,,,,
Harvey_57M_ActionPlan,hh57m,2024,3,1,16.0,0.0,16.0,0.0,0.0,,0.0,13510932.79,0.0,0.0,0.0,1.0,2890000.0,0.0,0.0,0.0,,,,,,,,,,,,,,,,150.0,,,,,,,,,,,,,,,,,,,,,,,,,,
Harvey_57M_ActionPlan,hh57m,2024,4,1,34.0,0.0,16.0,18.0,0.0,,0.0,13510932.79,0.0,0.0,0.0,4.0,2890000.0,0.0,0.0,0.0,,,,,,,,,,,,,,,,150.0,,,,,,,,,,,,,,,,,,,,,,,,,,
Harvey_57M_ActionPlan,hh57m,2025,1,1,34.0,0.0,16.0,18.0,0.0,,0.0,4223749.25,0.0,0.0,0.0,4.0,2890000.0,0.0,0.0,0.0,,,,,,,,,,,,,,,,150.0,,,,,,,,,,,,,,,,,,,,,,,,,,
Harvey_57M_ActionPlan,hh57m,2025,2,1,34.0,0.0,16.0,18.0,0.0,,0.0,13742488.120000001,0.0,0.0,0.0,4.0,2890000.0,0.0,0.0,0.0,,,,,,,,,,,,,,,,150.0,,,,,,,,,,,,,,,,,,,,,,,,,,
Harvey_57M_ActionPlan,hh57m,2025,3,1,34.0,0.0,16.0,18.0,0.0,,0.0,13742488.120000001,0.0,0.0,0.0,4.0,2890000.0,0.0,0.0,0.0,,,,,,,,,,,,,,,,150.0,,,,,,,,,,,,,,,,,,,,,,,,,,
Harvey_57M_ActionPlan,hh57m,2025,4,1,34.0,0.0,16.0,18.0,0.0,,0.0,13739612.9,0.0,0.0,0.0,4.0,2890000.0,0.0,0.0,0.0,,,,,,,,,,,,,,,,150.0,,,,,,,,,,,,,,,,,,,,,,,,,,
Harvey_57M_ActionPlan,hh57m-ap,2019,4,1,11.0,0.0,5.0,6.0,0.0,,0.0,30425920.0,0.0,30425920.0,0.0,4.0,0.0,0.0,0.0,0.0,,,,,,,,,,,,,,,,150.0,,,,,,,,,,,,,,,,,,,,,,,,,,
Harvey_57M_ActionPlan,hh57m-ap,2020,1,1,9.0,0.0,4.0,5.0,0.0,14.625,8.0,44334912.0,0.0,43465600.0,0.0,3.0,869312.0,0.0,0.0,0.0,,,,,,,,,,,,,,,,150.0,,,,,,,,,,,,,,,,,,,,,,,,,,
Harvey_57M_ActionPlan,hh57m-ap,2020,2,1,11.0,0.0,4.0,7.0,0.0,,0.0,43465600.0,0.0,43465600.0,0.0,4.0,0.0,0.0,0.0,0.0,,,,,,,,,,,,,,,,150.0,,,,,,,,,,,,,,,,,,,,,,,,,,
Harvey_57M_ActionPlan,hh57m-ap,2021,2,1,30.0,0.0,19.0,11.0,0.0,,0.0,56930688.0,0.0,43465600.0,0.0,4.0,2020688.0,0.0,0.0,0.0,,,,,,,,,,,,,,,,150.0,,,,,,,,,,,,,,,,,,,,,,,,,,
Harvey_57M_ActionPlan,hh57m-ap,2021,3,1,29.0,0.0,15.0,14.0,0.0,,0.0,35531128.0,0.0,22329728.0,0.0,4.0,2890000.0,0.0,0.0,0.0,,,,,,,,,,,,,,,,150.0,,,,,,,,,,,,,,,,,,,,,,,,,,
Harvey_57M_ActionPlan,hh57m-ap,2021,4,1,29.0,0.0,15.0,14.0,0.0,,0.0,35531128.0,0.0,22329728.0,0.0,4.0,2890000.0,0.0,0.0,0.0,,,,,,,,,,,,,,,,150.0,,,,,,,,,,,,,,,,,,,,,,,,,,
Harvey_57M_ActionPlan,hh57m-ap,2022,1,1,17.0,0.0,17.0,0.0,0.0,,0.0,35531128.0,0.0,21954728.0,0.0,2.0,2890000.0,0.0,0.0,0.0,,,,,,,,,,,,,,,,150.0,,,,,,,,,,,,,,,,,,,,,,,,,,
Harvey_57M_ActionPlan,hh57m-ap,2022,2,1,16.0,0.0,16.0,0.0,0.0,,0.0,35531128.0,0.0,22129728.0,0.0,1.0,2890000.0,0.0,0.0,0.0,,,,,,,,,,,,,,,,150.0,,,,,,,,,,,,,,,,,,,,,,,,,,
Harvey_57M_Performance,hh57m,2018,3,1,3.0,0.0,3.0,0.0,0.0,,0.0,2890000.0,0.0,289000.0,289000.0,2.0,2890000.0,0.0,289000.0,289000.0,,,,,,,,,,,,,,,,150.0,,,,,,,,,,,,,,,,,,,,,,,,,,
Harvey_57M_Performance,hh57m,2018,4,1,3.0,0.0,3.0,0.0,0.0,,0.0,45486288.0,0.0,43754600.0,42599553.06,2.0,2890000.0,0.0,1158312.0,3265.06,,,,,,,,,,,,,,,,150.0,,,,,,,,,,,,,,,,,,,,,,,,,,
Harvey_57M_Performance,hh57m,2019,2,1,9.0,0.0,9.0,0.0,0.0,,0.0,13761678.0,453398.78,50307339.69,11612905.3,2.0,2890000.0,25026.22,1738624.0,1756714.22,,,,,,,,,,,,,,,,150.0,,,,,,,,,,,,,,,,,,,,,,,,,,
Harvey_57M_Performance,hh57m,2019,3,1,4.0,0.0,4.0,0.0,0.0,,0.0,45486288.0,1489382.96,46975670.96,15590195.21,1.0,2020688.0,0.0,2020688.0,1061132.25,,,,,,,,,,,,,,,,150.0,,,,,,,,,,,,,,,,,,,,,,,,,,
Harvey_57M_Performance,hh57m,2019,4,1,4.0,0.0,4.0,0.0,0.0,,0.0,33315920.0,292427.89999999997,44760320.0,3837698.4600000004,2.0,2890000.0,292427.89999999997,2890000.0,863750.33,,,,,,,,,,,,,,,,150.0,,,,,,,,,,,,,,,,,,,,,,,,,,
Harvey_57M_Performance,hh57m,2020,1,1,4.0,0.0,4.0,0.0,0.0,,0.0,57800000.0,797300.0,57800000.0,6636618.25,2.0,2890000.0,797300.0,2890000.0,66450.33,,,87.0,210.0,,,,,,,,,,,,150.0,,,,,,,,,,,,,,,,,,,,,,,,,,
Harvey_57M_Performance,hh57m,2020,2,1,4.0,0.0,4.0,0.0,0.0,,0.0,2890000.0,2006019.07,57800000.0,8158346724291.08,2.0,2890000.0,71055.87,2890000.0,137506.19999999998,,,87.0,210.0,,,,,,,,,,,,150.0,,,,,,,,,,,,,,,,,,,,,,,,,,
Harvey_57M_Performance,hh57m,2020,3,1,4.0,0.0,4.0,0.0,0.0,,0.0,57800000.0,0.0,57800000.0,10965857.260000002,2.0,2890000.0,0.0,2890000.0,137506.21,,,87.0,210.0,,,,,,,,,,,,150.0,,,,,,,,,,,,,,,,,,,,,,,,,,
Harvey_57M_Performance,hh57m,2020,4,1,2.0,0.0,2.0,0.0,0.0,,0.0,2020688.0,27570.43,13465088.0,10212029.76,1.0,2020688.0,24099.96,2020688.0,32192.24,,,87.0,210.0,,,,,,,,,,,,150.0,,,,,,,,,,,,,,,,,,,,,,,,,,
Harvey_57M_Performance,hh57m,2021,1,1,2.0,0.0,2.0,0.0,0.0,,0.0,2020688.0,868554.76,13465088.0,11080584.52,1.0,2020688.0,2154.67,2020688.0,34346.91,,,,,,,,,,,,,,,,150.0,,,,,,,,,,,,,,,,,,,,,,,,,,
Harvey_57M_Performance,hh57m,2021,2,1,2.0,0.0,2.0,0.0,0.0,,0.0,2020688.0,0.0,13465088.0,12123786.93,1.0,2020688.0,0.0,2020688.0,775867.46,,,0.0,210.0,,,,,,,,,,,,150.0,,,,,,,,,,,,,,,,,,,,,,,,,,
Harvey_57M_Performance,hh57m,2021,3,1,17.0,0.0,17.0,0.0,0.0,,0.0,30683765.09,5860.54,38322309.07,50153940.54,2.0,2890000.0,0.0,1950801.4300000002,2726668.89,,,0.0,210.0,,,,,,,,,,,,150.0,,,,,,,,,,,,,,,,,,,,,,,,,,
Harvey_57M_Performance,hh57m,2021,4,1,2.0,0.0,2.0,0.0,0.0,,0.0,78000.0,5521.53,11444400.0,11359301.54,,,,,,,,0.0,210.0,,,,,,,,,,,,150.0,,,,,,,,,,,,,,,,,,,,,,,,,,
Harvey_57M_Performance,hh57m,2022,1,1,6.0,0.0,6.0,0.0,0.0,,0.0,3769686.66,0.0,29147717.2,12278282.45,1.0,129413.93,0.0,129413.93,129413.93,,,,,,,,,,,,,,,,150.0,2.0,0.9,,,,2662.56,2.0,0.9,,,,,,,,,,,,,,,,,,
Harvey_57M_Performance,hh57m,2022,2,1,6.0,0.0,6.0,0.0,0.0,,0.0,6530272.73,0.0,31924252.509999998,3027262708852.31,1.0,2890000.0,0.0,2890000.0,1985992520000.0,,,,,,,,,,,,,,,,150.0,,,,,,,,,,,,,,,,,,,,,,,,,,
Harvey_57M_Performance,hh57m,2022,3,1,6.0,0.0,6.0,0.0,0.0,,0.0,6530272.73,0.0,31935406.060000002,1081749074740.4001,1.0,2890000.0,0.0,2890000.0,1988758.21,,,,,,,,,,,,,,,,150.0,,,,,,,,,,,,,,,,,,,,,,,,,,
Harvey_57M_Performance,hh57m,2022,4,1,17.0,0.0,17.0,0.0,0.0,,0.0,32242907.64,0.0,42759671.63,1135238769570.5898,1.0,2890000.0,0.0,2890000.0,1988758.21,,,,,,,,,,,,,,,,150.0,,,,,,,,,,,,,,,,,,,,,,,,,,
Harvey_57M_Performance,hh57m,2023,1,1,13.0,0.0,12.0,0.0,0.0,,0.0,31235480.0,0.0,25455350.33,1988533692422.56,1.0,2890000.0,0.0,2890000.0,1988517810000.0,,,,,,,,,,,,,,,,150.0,,,,,,,,,,,,,,,,,,,,,,,,,,
Harvey_57M_Performance,hh57m,2023,2,1,13.0,0.0,13.0,0.0,0.0,,0.0,20008298.0,0.0,12499196.520000001,13010828.51,,,,,,,,,,,,,,,,,,,,,150.0,,,,,,,,,,,,,,,,,,,,,,,,,,
Harvey_57M_Performance,hh57m,2023,3,1,15.0,0.0,15.0,0.0,0.0,,0.0,48064698.0,0.0,52287360.59,44170131.76,,,,,,,,,,,,,,,,,,,,,150.0,,,,,,,,,,,,,,,,,,,,,,,,,,
Harvey_57M_Performance,hh57m,2024,1,1,15.0,0.0,15.0,0.0,0.0,,0.0,43553461.9,481273.88,32271574.450000003,12349252303315.67,,,,,,,,,,,,,,,,,,,,,150.0,,,,,,,,,,,,,,,,,,,,,,,,,,
Harvey_57M_Performance,hh57m,2024,2,1,14.0,0.0,14.0,0.0,0.0,,0.0,17284244.72,0.0,42702369.06,8634102529406.58,1.0,2890000.0,0.0,2890000.0,2011174.12,,,,,,,,,,,,,,,,150.0,,,,,,,,,,,,,,,,,,,,,,,,,,
Harvey_57M_Performance,hh57m,2024,3,1,16.0,0.0,16.0,0.0,0.0,,0.0,13510932.79,0.0,0.0,0.0,1.0,2890000.0,0.0,0.0,0.0,,,,,,,,,,,,,,,,150.0,,,,,,,,,,,,,,,,,,,,,,,,,,
Harvey_57M_Performance,hh57m,2024,4,1,16.0,0.0,16.0,0.0,0.0,,0.0,22012518.77,2000.0,57095858.67,7750938742014.2,1.0,2890000.0,0.0,2890000.0,1997171.97,,,,,,,,,,,,,,,,150.0,,,,,,,,,,,,,,,,,,,,,,,,,,
Harvey_57M_Performance,hh57m,2025,1,1,9.0,0.0,9.0,0.0,0.0,,0.0,38784000.269999996,546584.0,37955113.42,13476410864480.59,,,,,,,,,,,,,,,,,,,,,150.0,,,,,,,,,,,,,,,,,,,,,,,,,,
Harvey_57M_Performance,hh57m,2025,3,1,6.0,0.0,6.0,0.0,0.0,,0.0,28145677.97,1.0,32459646.79,4362946242330.02,1.0,2890000.0,1.0,2890000.0,1998651.64,,,,,,,,,,,,,,,,150.0,,,,,,,,,,,,,,,,,,,,,,,,,,
Harvey_57M_Performance,hh57m-ap,2019,4,1,11.0,0.0,5.0,6.0,0.0,,0.0,30425920.0,0.0,30425920.0,0.0,4.0,0.0,0.0,0.0,0.0,,,,,,,,,,,,,,,,150.0,,,,,,,,,,,,,,,,,,,,,,,,,,
Harvey_5B_ActionPlan,h5b,2022,3,1,532.0,2.0,530.0,0.0,0.0037593984962406013,,0.0,828293110.23,0.0,0.0,0.0,5.0,0.0,0.0,0.0,0.0,,,,,,,,,,,,,,,2000.0,150.0,,,,,,,,,,,,,,,,,,,,,,,,,,
Harvey_5B_ActionPlan,h5b,2022,4,1,543.0,2.0,541.0,0.0,0.003683241252302026,,0.0,829398716.59,0.0,0.0,0.0,5.0,0.0,0.0,0.0,0.0,,,,,,,,,,,,,,,2000.0,150.0,,,,,,,,,,,,,,,,,,,,,,,,,,
Harvey_5B_ActionPlan,h5b,2023,1,1,547.0,5.0,542.0,0.0,0.009140767824497258,,0.0,309489649.73,0.0,0.0,0.0,5.0,0.0,0.0,0.0,0.0,,,,,,,,,,,,,,,2000.0,150.0,,,,,,,,,,,,,,,,,,,,,,,,,,
Harvey_5B_ActionPlan,h5b,2023,2,1,548.0,6.0,542.0,0.0,0.010948905109489052,,0.0,310032460.81,0.0,0.0,0.0,5.0,0.0,0.0,0.0,0.0,,,,,,,,,,,,,,,2000.0,150.0,,,,,,,,,,,,,,,,,,,,,,,,,,
Harvey_5B_ActionPlan,h5b,2023,3,1,523.0,14.0,509.0,0.0,0.02676864244741874,,0.0,308803371.88,0.0,0.0,0.0,5.0,0.0,0.0,0.0,0.0,,,,,,,,,,,,,,,2000.0,150.0,,,,,,,,,,,,,,,,,,,,,,,,,,
Harvey_5B_ActionPlan,h5b,2023,4,1,527.0,15.0,512.0,0.0,0.028462998102466792,,0.0,310553698.69,0.0,0.0,0.0,5.0,0.0,0.0,0.0,0.0,,,,,,,,,,,,,,,2000.0,150.0,,,,,,,,,,,,,,,,,,,,,,,,,,
Harvey_5B_ActionPlan,h5b,2024,1,1,547.0,26.0,521.0,0.0,0.04753199268738574,,0.0,312850760.71000004,0.0,0.0,0.0,5.0,0.0,0.0,0.0,0.0,,,,,,,,,,,,,,,2000.0,150.0,,,,,,,,,,,,,,,,,,,,,,,,,,
Harvey_5B_ActionPlan,h5b,2024,2,1,549.0,34.0,515.0,0.0,0.061930783242258654,,0.0,314270752.16,0.0,0.0,0.0,5.0,0.0,0.0,0.0,0.0,,,,,,,,,,,,,,,2000.0,150.0,,,,,,,,,,,,,,,,,,,,,,,,,,
Harvey_5B_ActionPlan,h5b,2024,3,1,546.0,39.0,507.0,0.0,0.07142857142857142,,0.0,313459107.69,0.0,0.0,0.0,3.0,0.0,0.0,0.0,0.0,,,,,,,,,,,,,,,2000.0,150.0,,,,,,,,,,,,,,,,,,,,,,,,,,
Harvey_5B_ActionPlan,h5b,2024,4,1,561.0,43.0,501.0,17.0,0.0766488413547237,,0.0,104841004.14,0.0,0.0,0.0,3.0,0.0,0.0,0.0,0.0,,,,,,,,,,,,,,,2000.0,150.0,,,,,,,,,,,,,,,,,,,,,,,,,,
Harvey_5B_ActionPlan,h5b,2025,1,1,584.0,47.0,502.0,34.0,0.08047945205479452,,0.0,105416312.14,0.0,0.0,0.0,3.0,0.0,0.0,0.0,0.0,,,,,,,,,,,,,,,8122021095131.0,150.0,,,,,,,,,,,,,,,,,,,,,,,,,,
Harvey_5B_ActionPlan,h5b,2025,2,1,614.0,47.0,529.0,38.0,0.07654723127035831,,0.0,101947831.29,0.0,0.0,0.0,3.0,0.0,0.0,0.0,0.0,,,,,,,,,,,,,,,8122021095131.0,150.0,,,,,,,,,,,,,,,,,,,,,,,,,,
Harvey_5B_ActionPlan,h5b,2025,3,1,608.0,80.0,470.0,58.0,0.13157894736842105,,0.0,100343825.64,0.0,0.0,0.0,3.0,0.0,0.0,0.0,0.0,,,,,,,,,,,,,,,8122021095131.0,150.0,,,,,,,,,,,,,,,,,,,,,,,,,,
Harvey_5B_ActionPlan,h5b,2025,4,1,613.0,76.0,478.0,59.0,0.12398042414355628,,0.0,102015640.7,0.0,0.0,0.0,3.0,0.0,0.0,0.0,0.0,,,,,,,,,,,,,,,8122021095131.0,150.0,,,,,,,,,,,,,,,,,,,,,,,,,,
Harvey_5B_ActionPlan,hh5b,2020,3,1,586.0,0.0,491.0,95.0,0.0,,0.0,492381735.88,0.0,0.0,0.0,28.0,0.0,0.0,0.0,0.0,,,,,,,,,,,,,,,2000.0,150.0,,,,,,,,,,,,,,,,,,,,,,,,,,
Harvey_5B_ActionPlan,hh5b,2020,4,1,612.0,2.0,517.0,93.0,0.0032679738562091504,,0.0,0.0,0.0,0.0,0.0,28.0,0.0,0.0,0.0,0.0,,,,,,,,,,,,,,,2000.0,150.0,,,,,,,,,,,,,,,,,,,,,,,,,,
Harvey_5B_ActionPlan,hh5b,2021,1,1,636.0,2.0,539.0,95.0,0.0031446540880503146,,0.0,458036.62,0.0,0.0,0.0,28.0,0.0,0.0,0.0,0.0,,,,,,,,,,,,,,,2000.0,150.0,,,,,,,,,,,,,,,,,,,,,,,,,,
Harvey_5B_ActionPlan,hh5b,2021,2,1,638.0,2.0,531.0,105.0,0.003134796238244514,,0.0,128581587.62,0.0,0.0,0.0,28.0,0.0,0.0,0.0,0.0,,,,,,,,,,,,,,,2000.0,150.0,,,,,,,,,,,,,,,,,,,,,,,,,,
Harvey_5B_ActionPlan,hh5b,2021,3,1,603.0,2.0,482.0,119.0,0.003316749585406302,,0.0,129297814.78,0.0,0.0,0.0,28.0,0.0,0.0,0.0,0.0,,,,,,,,,,,,,,,2000.0,150.0,,,,,,,,,,,,,,,,,,,,,,,,,,
Harvey_5B_ActionPlan,hh5b,2021,4,1,607.0,2.0,485.0,120.0,0.0032948929159802307,,0.0,226832814.78,0.0,0.0,0.0,28.0,0.0,0.0,0.0,0.0,,,,,,,,,,,,,,,2000.0,150.0,,,,,,,,,,,,,,,,,,,,,,,,,,
Harvey_5B_ActionPlan,hh5b,2022,1,1,507.0,2.0,505.0,0.0,0.0039447731755424065,,0.0,228603505.6,0.0,0.0,0.0,5.0,0.0,0.0,0.0,0.0,,,,,,,,,,,,,,,2000.0,150.0,,,,,,,,,,,,,,,,,,,,,,,,,,
Harvey_5B_ActionPlan,hh5b,2022,2,1,531.0,2.0,529.0,0.0,0.003766478342749529,,0.0,228603505.6,0.0,0.0,0.0,5.0,0.0,0.0,0.0,0.0,,,,,,,,,,,,,,,2000.0,150.0,,,,,,,,,,,,,,,,,,,,,,,,,,
Harvey_5B_ActionPlan,hh5b-ap,2019,4,1,189.0,0.0,186.0,2.0,0.0,12.978260869565217,184.0,1546741660.68,0.0,0.0,0.0,5.0,0.0,0.0,0.0,0.0,,,,,,,,,,,,,,,2000.0,150.0,,,,,,,,,,,,,,,,,,,,,,,,,,
Harvey_5B_ActionPlan,hh5b-ap,2020,1,1,462.0,0.0,367.0,95.0,0.0,,0.0,658583535.19,0.0,0.0,0.0,28.0,0.0,0.0,0.0,0.0,,,,,,,,,,,,,,,2000.0,150.0,,,,,,,,,,,,,,,,,,,,,,,,,,
Harvey_5B_ActionPlan,hh5b-ap,2020,2,1,551.0,0.0,456.0,95.0,0.0,,0.0,485377240.88,0.0,0.0,0.0,28.0,0.0,0.0,0.0,0.0,,,,,,,,,,,,,,,2000.0,150.0,,,,,,,,,,,,,,,,,,,,,,,,,,
Harvey_5B_Performance,h5b,2018,4,1,2.0,0.0,2.0,0.0,0.0,,0.0,38889619.6,0.0,21000000.0,15570630.88,1.0,25121075.0,0.0,20000000.0,15000000.0,,,,,,,,,,,,,,,,150.0,,,,,,,,,,,,,,,,,,,,,,,,,,
Harvey_5B_Performance,h5b,2019,1,1,4.0,0.0,4.0,0.0,0.0,,0.0,277675000.0,18000000.0,4500223400000.0,124080892.2,1.0,125000000.0,0.0,125000000.0,105000000.0,,,,,,,,,,,,,,,0.0,150.0,,,,,,,,,,,,,,,,,,,,,,,,,,
Harvey_5B_Performance,h5b,2019,2,1,171.0,0.0,167.0,4.0,0.0,,0.0,2658318157.24,13945788.95,4681053469.9,1345132595577.02,5.0,251210750.0,0.0,251210750.0,126210750.0,,,,,,,,,,,,,,,0.0,150.0,,,,,,,,,,,,,,,,,,,,,,,,,,
Harvey_5B_Performance,h5b,2019,3,1,64.0,0.0,64.0,0.0,0.0,,0.0,6245892348.14,387099147.74,3.212785839946411e+17,2.1028841351802064e+17,4.0,99483301.0,0.0,252700524.0,271949015.0,,,,,,,,,,,,,,,2000.0,150.0,,,,,,,,,,,,,,,,,,,,,,,,,,
Harvey_5B_Performance,h5b,2019,4,1,145.0,0.0,143.0,2.0,0.0,,0.0,3372300466.7,10408669.719999999,1.1691339715923492e+16,146245115115065.44,2.0,420166238.0,3373403.07,217583119.0,217583119.0,,,,,,,,,,,,,,,2000.0,150.0,,,,,,,,,,,,,,,,,,,,,,,,,,
Harvey_5B_Performance,h5b,2020,1,1,254.0,0.0,254.0,0.0,0.0,,0.0,4927917554.809999,44004186.79000001,2.4453443913259736e+16,1174800769360181.2,5.0,517521595.0,911820.75,283819500.0,283819500.0,,,2038.0,14156.0,,,,,,,,,,,2000.0,150.0,,,,,,,,,,,,,,,,,,,,,,,,,,
Harvey_5B_Performance,h5b,2020,2,1,209.0,0.0,209.0,0.0,0.0,,0.0,3799829477.95,219608827.02,1.6860630782401584e+16,1827141805408400.5,5.0,283819500.0,1536749.21,283819500.0,283819500.0,,,4319.0,13592.0,,,,,,,,,,,2000.0,150.0,,,,,,,,,,,,,,,,,,,,,,,,,,
Harvey_5B_Performance,h5b,2020,3,1,229.0,0.0,229.0,0.0,0.0,,0.0,4717537215.56,178360646.16,1.459996884004114e+16,2520756117726733.5,5.0,486402619.0,8422444.86,283819500.0,283819500.0,,,7269.0,15597.0,,,,,,,,,,,2000.0,150.0,,,,,,,,,,,,,,,,,,,,,,,,,,
Harvey_5B_Performance,h5b,2020,4,1,275.0,2.0,273.0,0.0,0.007272727272727273,,0.0,4528421033.809999,147979818.0,3759298034.29,24797520843760.57,5.0,545653292.0,2056676.42,261833793.0,4010261151778.83,,,9821.0,15597.0,,,,,,,,,,,2000.0,150.0,16.0,0.9,,,,493386.16,16.0,0.9,,,,,,,,,,,,,,,,,,
Harvey_5B_Performance,h5b,2021,1,1,234.0,0.0,233.0,1.0,0.0,,0.0,7534884702.68,67420172.67,1956511842153.5999,26495955110968.91,4.0,505401046.0,23626.91,252700523.0,247817649.86,7.0,300000.0,5741.0,13402.0,,,,,,,,,,,2000.0,150.0,,,,,,,,,,,,,,,,,,,,,,,,,,
Harvey_5B_Performance,h5b,2021,2,1,207.0,0.0,201.0,6.0,0.0,,0.0,6611841781.24,64515792.58,264509504242.67,1590009497544.03,5.0,113971412.0,881018.73,283819500.0,280084270.24,460.0,300000.0,8543.0,18115.0,,,,,,,,,,,2000.0,150.0,,,,,,,,,,,,,,,,,,,,,,,,,,
Harvey_5B_Performance,h5b,2021,3,1,230.0,0.0,230.0,0.0,0.0,,0.0,5389983040.72,115369716.73,5148290257.41,16249452933582.24,3.0,40000000.0,0.0,246833794.0,242041444.7,807.0,300260.0,5526.0,14409.0,,,,,,,,,,,2000.0,150.0,,,,,,,,,,,,,,,,,,,,,,,,,,
Harvey_5B_Performance,h5b,2021,4,1,320.0,0.0,320.0,0.0,0.0,,0.0,5902213650.639999,85951309.62,161484474982291.66,39906550278359.57,4.0,70000000.0,482186.47,261833794.0,7617336219154.76,666.0,300066.0,5221.0,17475.0,,,,,,,,,,,2000.0,150.0,,,,,,,,,,,,,,,,,,,,,,,,,,
Harvey_5B_Performance,h5b,2022,1,1,265.0,0.0,265.0,0.0,0.0,,0.0,5140245052.28,0.0,478519584802023.25,33114685503785.74,5.0,113971412.0,0.0,283819500.0,8563560316994.069,,,,,,,,,,,,,,,2000.0,150.0,,,,,,,,,,,,,,,,,,,,,,,,,,
Harvey_5B_Performance,h5b,2022,2,1,203.0,0.0,203.0,0.0,0.0,,0.0,3107391063.17,32101661.71,302076117928634.5,49110660191759.53,5.0,282819500.0,0.0,282819500.0,3233990394102.92,,,,,,,,,,,,,,,2000.0,150.0,,,,,,,,,,,,,,,,,,,,,,,,,,
Harvey_5B_Performance,h5b,2022,3,1,224.0,0.0,224.0,0.0,0.0,,0.0,153796344.92,5680371.26,91744695286558.33,40211254.89,5.0,0.0,0.0,0.0,0.0,,,,,,,,,,,,,,,2000.0,150.0,,,,,,,,,,,,,,,,,,,,,,,,,,
Harvey_5B_Performance,h5b,2022,4,1,231.0,0.0,231.0,0.0,0.0,,0.0,4503038.699999999,4201457.5600000005,5501108.75,4593009.46,5.0,0.0,0.0,0.0,0.0,,,,,,,,,,,,,,,2000.0,150.0,,,,,,,,,,,,,,,,,,,,,,,,,,
Harvey_5B_Performance,h5b,2023,2,1,276.0,3.0,273.0,0.0,0.010869565217391304,,0.0,7698088714.0199995,0.0,302077470877697.5,51568659359752.92,4.0,523667588.0,0.0,261833794.0,226377226.67999998,,,,,,,,,,,,,,,2000.0,150.0,,,,,,,,,,,,,,,,,,,,,,,,,,
Harvey_5B_Performance,h5b,2023,3,1,256.0,10.0,246.0,0.0,0.0390625,,0.0,3820961432.04,2249247.97,15226060319647.84,560335765452115.6,5.0,283819500.0,0.0,283819500.0,4080643395765.86,,,,,,,,,,,,,,,2000.0,150.0,,,,,,,,,,,,,,,,,,,,,,,,,,
Harvey_5B_Performance,h5b,2023,4,1,243.0,1.0,242.0,0.0,0.00411522633744856,,0.0,3529486750.4,14742.179999999998,4448679876.87,138876418483248.58,3.0,246833794.0,0.0,246833794.0,233016724.01,,,,,,,,,,,,,,,2000.0,150.0,,,,,,,,,,,,,,,,,,,,,,,,,,
Harvey_5B_Performance,h5b,2024,1,1,192.0,7.0,185.0,0.0,0.036458333333333336,,0.0,3342994398.81,8762.39,3.4241886821597274e+17,324208435433745.75,5.0,283819500.0,0.0,269349542.25,264939498.87,,,,,,,,,,,,,,,2000.0,150.0,,,,,,,,,,,,,,,,,,,,,,,,,,
Harvey_5B_Performance,h5b,2024,2,1,241.0,11.0,230.0,0.0,0.04564315352697095,,0.0,3765122447.97,345600.2,3.4247285119580416e+17,41673700197394.49,5.0,283819500.0,0.0,275299025.03,270970596.47,,,,,,,,,,,,,,,2000.0,150.0,,,,,,,,,,,,,,,,,,,,,,,,,,
Harvey_5B_Performance,h5b,2024,3,1,546.0,39.0,507.0,0.0,0.07142857142857142,,0.0,313459107.69,0.0,0.0,0.0,3.0,0.0,0.0,0.0,0.0,,,,,,,,,,,,,,,2000.0,150.0,,,,,,,,,,,,,,,,,,,,,,,,,,
Harvey_5B_Performance,h5b,2024,4,1,185.0,5.0,180.0,0.0,0.02702702702702703,,0.0,3713929084.96,13124631.51,25798969170650.9,21906648058370.49,3.0,257911842.44,0.0,257715320.69,248239923.27,,,,,,,,,,,,,,,2000.0,150.0,,,,,,,,,,,,,,,,,,,,,,,,,,
Harvey_5B_Performance,h5b,2025,1,1,210.0,10.0,200.0,0.0,0.047619047619047616,,0.0,4246309023.8199997,1981655.14,134862679798806.61,481741043064844.3,3.0,262841049.95,0.0,266316785.16,250147716.95,,,,,,,,,,,,,,,2000.0,150.0,,,,,,,,,,,,,,,,,,,,,,,,,,
Harvey_5B_Performance,h5b,2025,2,1,224.0,0.0,221.0,3.0,0.0,,0.0,4444164317.66,12621072.209999999,72921753321037.27,60746949892562.8,3.0,283140879.27,0.0,258526823.12,251783784.01999998,,,,,,,,,,,,,,,2000.0,150.0,,,,,,,,,,,,,,,,,,,,,,,,,,
Harvey_5B_Performance,h5b,2025,3,1,249.0,22.0,227.0,0.0,0.08835341365461848,,0.0,3987408158.99,35214475.68,72921881688395.66,643366572682542.9,3.0,36985706.0,0.0,259459553.17,8376588810823.07,,,,,,,,,,,,,,,2000.0,150.0,,,,,,,,,,,,,,,,,,,,,,,,,,
Harvey_5B_Performance,harveygrantperformance,2023,1,1,290.0,5.0,285.0,0.0,0.017241379310344827,,0.0,8047122425.58,11388432.53,1067263239339563.6,3507083080777053.0,5.0,567639000.0,0.0,283819500.0,3871374437709.47,,,,,,,,,,,,,,,2000.0,150.0,,,,,,,,,,,,,,,,,,,,,,,,,,
Harvey_5B_Performance,hh5b,2018,3,1,2.0,0.0,2.0,0.0,0.0,,0.0,38889619.6,0.0,5500000.0,5373455.27,1.0,25121075.0,0.0,5000000.0,5000000.0,,,,,,,,,,,,,,,,150.0,,,,,,,,,,,,,,,,,,,,,,,,,,
Hurricane_Ike,ike,2009,3,1,16.0,0.0,16.0,0.0,0.0,,0.0,17128856.0,0.0,16022416.78,16022416.78,4.0,56250.0,0.0,56250.0,56250.0,,,,,,,,,,,,,,,2008.0,,,,,,,,,,,,,,,,,,,,,,,,,,,
Hurricane_Ike,ike,2009,4,1,356.0,0.0,356.0,0.0,0.0,,0.0,998976175.0,0.0,793044173.36,784031156.34,31.0,58480093.0,0.0,50418466.08,49985240.7,,,,,,,,,,,,,,,3193.0,,1.0,0.76,,,,,,,,,,4700.0,1.0,0.76,,,,,,,,,,,,
Hurricane_Ike,ike,2010,1,1,458.0,0.0,456.0,2.0,0.0,,0.0,1039531602.15,0.0,912592887.78,185033732.16,21.0,30087595.15,0.0,34688025.379999995,10077588.29,,,,,,,,,,,,,,,5115.0,,,,,,,,,,,,,,,,,,,,,,,,,,,
Hurricane_Ike,ike,2010,2,1,553.0,0.0,548.0,2.0,0.0,,0.0,1258122405.29,5457381.79,1108915734.63,260906327.52,21.0,55051515.15,1806127.6800000002,41768100.82,21983966.380000003,,,,,,,,,,,,,,,5115.0,145.0,2.0,0.75,2010.0,1.0,0.74,,,,,,,4700.0,1.0,0.76,,,,,,,,,,,,
Hurricane_Ike,ike,2010,3,1,636.0,0.0,626.0,1.0,0.0,,0.0,1320669274.63,8929940.91,994771754.23,374172730.92,31.0,54884550.0,1895144.94,41267673.67,19934339.87,,,,,,,,,,,,,,,5115.0,145.0,1.0,0.76,,,,,,,,,,4700.0,1.0,0.76,,,,,,,,,,,,
Hurricane_Ike,ike,2010,4,1,632.0,0.0,630.0,1.0,0.0,,0.0,1337129658.19,19323307.12,924146593.02,320263657.59000003,22.0,65737371.15,53504.759999999995,41256533.82,23650401.68,,,,,,,,,,,,,,,5115.0,,3.0,0.8133333333333334,,,,,,,,,,4700.0,1.0,0.76,,,,,,,,,,20229098.0,2.0,0.84
Hurricane_Ike,ike,2011,1,1,634.0,0.0,632.0,1.0,0.0,,0.0,1289629556.6,19346491.46,1020583692.49,235142322.51,21.0,65736371.15,2151700.44,30744413.8,26984186.61,,,,,,,,,,,,,,,5115.0,,2.0,0.84,,,,,,,,,,,,,,,,,,,,,,20229098.0,2.0,0.84
Hurricane_Ike,ike,2011,2,1,636.0,0.0,633.0,0.0,0.0,,0.0,1307134954.35,36341740.12,853578994.4,337641241.32,22.0,68788566.15,1043308.49,48909216.3,30991517.18,,,,,,,,,,,,,,,5115.0,,3.0,0.84,,,,,,,,,,,,,,,,,,,,,,40458196.0,3.0,0.84
Hurricane_Ike,ike,2011,3,1,640.0,1.0,634.0,0.0,0.0015625,,0.0,1105604122.23,35413845.4,1304891821.27,321038555.87,20.0,65630491.55,1754018.9100000001,65680721.15,34747900.69,,,,,,,,,,,,,,,5115.0,,,,,,,,,,,,,,,,,,,,,,,,,,,
Hurricane_Ike,ike,2011,4,1,789.0,0.0,716.0,0.0,0.0,,0.0,1236467822.94,49744445.91,1449118034.6200001,446891938.65,21.0,73923884.4,1087702.6400000001,67773540.57000001,41209993.550000004,,,,,,,,,,,,,,,5161.0,,,,,,,,,,,,,,,,,,,,,,,,,,,
Hurricane_Ike,ike,2012,1,1,810.0,0.0,738.0,0.0,0.0,,0.0,1266021131.95,31357872.310000002,1459049276.47,729452071.5500001,24.0,84189091.66,1616833.03,76233545.42,49370804.66,,,,,,,,,,,,,,,5161.0,,,,,,,,,,,,,,,,,,,,,,,,,,,
Hurricane_Ike,ike,2012,2,1,874.0,0.0,813.0,0.0,0.0,,0.0,1350799515.76,54012270.09,1447748516.15,653344433.89,24.0,68472774.26,2139272.13,69288405.89,44414865.54,,,,,,,,,,,,,,,5161.0,,,,,,,,,,,,,,,,,,,,,,,,,,,
Hurricane_Ike,ike,2012,3,1,1134.0,47.0,971.0,0.0,0.04144620811287478,,0.0,1492751938.75,46834018.24,1692861752.64,1024254880.99,21.0,84960533.28,4118375.81,85535243.7,62560262.13,,,,,,,,,,,,,,,5161.0,,,,,,,,,,,,,,,,,,,,,,,,,,,
Hurricane_Ike,ike,2012,4,1,1231.0,99.0,1087.0,0.0,0.08042242079610074,,0.0,1989660836.89,60811248.27,2193547840.33,1322819181.2,49.0,135385606.2,8063427.54,139015864.35999998,126268017.42,,,,,,,,,,,,,,,5161.0,,,,,,,,,,,,,,,,,,,,,,,,,,,
Hurricane_Ike,ike,2013,1,1,1113.0,87.0,1017.0,0.0,0.07816711590296496,,0.0,1964936185.02,32528217.17,2426938510.9,1504645267.67,40.0,151947687.53,4406445.08,170011830.44,92892863.07,,,,,,,,,,,,,,,5161.0,,1.0,0.78,,,,1000000000.0,1.0,0.78,,,,,,,,,,,,,,,,,,
Hurricane_Ike,ike,2013,2,1,1283.0,116.0,1139.0,0.0,0.09041309431021044,,0.0,2261311328.72,25193668.14,2794905559.53,1380740252.68,57.0,176344948.57,4422788.68,194556041.96,120800944.36999999,,,,,,,,,,,,,,,5161.0,,1.0,0.78,,,,1000000000.0,1.0,0.78,,,,,,,,,,,,,,,,,,
Hurricane_Ike,ike,2013,3,1,1194.0,171.0,1020.0,0.0,0.14321608040201006,,0.0,2354828164.34,40801697.71,2848501054.11,1293854040.56,33.0,118199039.76,6614592.4799999995,118408762.64999999,63313873.349999994,,,,,,,,,,,,,,,11210.0,120.0,1.0,0.78,,,,1000000000.0,1.0,0.78,,,,,,,,,,,,,,,,,,
Hurricane_Ike,ike,2013,4,1,1195.0,153.0,1039.0,0.0,0.1280334728033473,,0.0,2582931483.8,47163487.67,2963579794.11,1147494052.3700001,55.0,182660543.04999998,5370103.51,180683704.81,115446399.42999999,,,,,,,,,,,,,,,10000.0,120.0,2.0,0.81,,,,1000000000.0,1.0,0.78,,,,,,,,,,,,,,,,91000.0,1.0,0.84
Hurricane_Ike,ike,2014,1,1,1287.0,187.0,1097.0,0.0,0.1452991452991453,,0.0,2480840597.66,36359655.53,2959367466.58,1302381056.67,49.0,143707104.23,4228180.49,154898972.89,99175288.8,,,,,,,,,,,,,,,10000.0,120.0,1.0,0.78,,,,1000000000.0,1.0,0.78,,,,,,,,,,,,,,,,,,
Hurricane_Ike,ike,2014,2,1,1191.0,72.0,1102.0,0.0,0.060453400503778336,15.060322854715379,1177.0,1757000868.43,0.0,1246140038.92,889474021175508.5,,,,,,,,,,,,,,,,,,,,10000.0,120.0,9.0,0.73,,,,108618183400.6,9.0,0.73,,,,,,,,,,,,,,,,,,
Hurricane_Ike,ike,2014,3,1,1049.0,0.0,1043.0,0.0,0.0,,0.0,1548620651.29,58927857.99,2505315039.41,1154183301.56,25.0,135592331.04999998,4938980.4,118468557.53,102857973.80999999,,,,,,,,,,,,,,,11210.0,,1.0,0.78,,,,1000000000.0,1.0,0.78,,,,,,,,,,,,,,,,,,
Hurricane_Ike,ike,2014,4,1,1325.0,44.0,1241.0,10.0,0.03320754716981132,,0.0,1733877958.47,95129697.99,2884178148.2,1573943791.0,35.0,114797254.99000001,4915848.45,117727308.53,90064056.12,,,,,,,,,,,,,,,10000.0,120.0,1.0,0.78,,,,1000000000.0,1.0,0.78,,,,,,,,,,,,,,,,,,
Hurricane_Ike,ike,2015,1,1,1315.0,117.0,1157.0,14.0,0.08897338403041825,,0.0,1606814884.7,34455582.1,22591349989713.62,1710812055.23,22.0,113025026.99000001,4451595.29,117923043.97999999,87925152.91,,,,,,,,,,,,,,,10000.0,120.0,1.0,0.78,,,,1000000000.0,1.0,0.78,,,,,,,,,,,,,,,,,,
Hurricane_Ike,ike,2015,2,1,893.0,82.0,804.0,5.0,0.09182530795072788,,0.0,2286354493.09,53520762.78,2548924934.77,1677941769.33,13.0,103120642.08,3769265.66,103342210.08,77420020.6,0.0,45088.0,7060.0,16267.0,,,,,,,,,,,10000.0,120.0,1.0,0.78,,,,1000000000.0,1.0,0.78,,,,,,,,,,,,,,,,,,
Hurricane_Ike,ike,2015,3,1,976.0,170.0,803.0,1.0,0.17418032786885246,,0.0,2421117762.58,32945726.97,2713577131.78,1794624679.81,23.0,118938322.47999999,2821881.41,118747734.22999999,92737745.88,,,56378.0,8265.0,,,,,,,,,,,10000.0,120.0,1.0,0.78,,,,1000000000.0,1.0,0.78,,,,,,,,,,,,,,,,,,
Hurricane_Ike,ike,2015,4,1,942.0,228.0,692.0,22.0,0.24203821656050956,,0.0,2424433876.88,35276647.13,2261899244858.0996,1869655845.57,17.0,107375455.56,2094610.38,107375455.56,84489631.44999999,465549.0,465549.0,56498.0,8000.0,,,,,,,,,,,10000.0,120.0,1.0,0.78,,,,1000000000.0,1.0,0.78,,,,,,,,,,,,,,,,,,
Hurricane_Ike,ike,2016,1,1,755.0,124.0,615.0,16.0,0.16423841059602648,,0.0,1934131751.17,57257837.59,2406953634.69,1687341943.52,16.0,110659030.64,3185516.3499999996,101371529.38,91454470.69999999,586958.0,586958.0,53705.0,7565.0,,,,,,,,,,,5115.0,120.0,1.0,0.78,,,,1000000000.0,1.0,0.78,,,,,,,,,,,,,,,,,,
Hurricane_Ike,ike,2016,2,1,567.0,77.0,486.0,4.0,0.13580246913580246,,0.0,2106769397.02,42869022.44,2393874458.5099998,1744000516.18,25.0,113777822.95,2046630.19,113528548.64,96474768.9,364800.0,366692.0,56645.0,9902.0,,,,,,,,,,,5115.0,120.0,,,,,,,,,,,,,,,,,,,,,,,,,,
Hurricane_Ike,ike,2016,3,1,653.0,67.0,581.0,5.0,0.10260336906584992,,0.0,1961764344.07,30377406.66,11773421360814.26,1815918213.41,19.0,106174903.62,675533.85,106174903.62,89909578.57,682065.0,430535.0,57043.0,10376.0,,,,,,,,,,,5115.0,120.0,1.0,0.78,,,,1000000000.0,1.0,0.78,,,,,,,,,,,,,,,,,,
Hurricane_Ike,ike,2016,4,1,1208.0,618.0,577.0,13.0,0.5115894039735099,,0.0,2375128909.62,18722008.69,16084308541460.95,2058240841.4,38.0,132292278.61,459203.38,132292277.61,118623177.17,4976746.0,3317760.0,5682.0,6883.0,,,,,,,,,,,10000.0,120.0,,,,,,,,,,,,,,,,,,,,,,,,,,
Hurricane_Ike,ike,2017,1,1,635.0,364.0,265.0,5.0,0.573228346456693,,0.0,2025824028.8,17452780.19,2212307998.21,1780294948.19,21.0,122036923.49000001,257736.37000000002,111459246.21000001,99642295.88,3488691.0,2043461.0,6680.0,7699.0,,,,,,,,,,,5115.0,120.0,1.0,0.78,,,,1000000000.0,1.0,0.78,,,,,,,,,,,,,,,,,,
Hurricane_Ike,ike,2017,2,1,482.0,38.0,442.0,2.0,0.07883817427385892,,0.0,1836508313.04,16240119.63,2227253466.4,103564798157688.48,9.0,67409402.06,477311.96,56692933.03,1778339130645.12,8286.0,8303.0,7599.0,10179.0,,,,,,,,,,,5115.0,120.0,,,,,,,,,,,,,,,,,,,,,,,,,,
Hurricane_Ike,ike,2017,3,1,963.0,433.0,530.0,0.0,0.44963655244029077,,0.0,2273612356.16,11412987.78,2713864265.65,148922065303381.97,9.0,67024242.84,343051.24,56495718.15,53465457.05,4257992.0,2551577.0,12230.0,12250.0,,,,,,,,,,,77530.0,120.0,1.0,0.78,,,,1000000000.0,1.0,0.78,,,,,,,,,,,,,,,,,,
Hurricane_Ike,ike,2017,4,1,429.0,99.0,330.0,0.0,0.23076923076923078,,0.0,1798712898.57,39867295.35,1869863281.91,84127929662518.98,10.0,110360207.35999998,2057408.1600000001,109933769.27,95473178.44999999,1944.0,3806.0,7021.0,6968.0,,,,,,,,,,,4117.0,,,,,,,,,,,,,,,,,,,,,,,,,,,
Hurricane_Ike,ike,2018,1,1,373.0,34.0,339.0,0.0,0.09115281501340483,,0.0,1502428840.22,18035265.08,1775267376.76,111604591760688.34,5.0,64346916.67,2125107.4499999997,63911467.18,51762473.25,1944.0,3806.0,7210.0,6899.0,,,,,,,,,,,4117.0,,,,,,,,,,,,,,,,,,,,,,,,,,,
Hurricane_Ike,ike,2018,2,1,373.0,28.0,344.0,0.0,0.07506702412868632,,0.0,39622894777919.24,13484102.28,1745410356.68,80327611574658.45,8.0,68278629.16,2239053.17,67843179.67,2900626193042.91,0.0,44502.0,6871.0,8697.0,,,,,,,,,,,4117.0,,,,,,,,,,,,,,,,,,,,,,,,,,,
Hurricane_Ike,ike,2018,3,1,383.0,39.0,344.0,0.0,0.10182767624020887,,0.0,1365698588.5,15722093.75,1745170800.34,37194761163433.25,7.0,67552985.8,2767175.56,67089082.14,59807916.5,326843.0,64897.0,6399.0,6236.0,,,,,,,,,,,4117.0,,100.0,0.78,,,,49666.47,100.0,0.78,,,,,,,,,,,,,,,,,,
Hurricane_Ike,ike,2018,4,1,328.0,22.0,306.0,0.0,0.06707317073170732,,0.0,1256940197.15,13498707.0,1520447601.31,86527485713571.0,2.0,62924469.94,300649.99,62460566.28,56068567.989999995,294.0,1059.0,5066.0,4984.0,,,,,,,,,,,3278.0,,,,,,,,,,,,,,,,,,,,,,,,,,,
Hurricane_Ike,ike,2019,1,1,286.0,13.0,273.0,0.0,0.045454545454545456,,0.0,1176583603.83,16655723.54,1380761305.68,65703852461444.5,4.0,66389993.3,1110679.78,65926089.64,57794975.190000005,293.0,582065.0,4064.0,4236.0,,,,,,,,,,,3278.0,,91.0,0.8986813186813187,,,,1000031897.69,91.0,0.8986813186813187,,,,,,,,,,,,,,,,,,
Hurricane_Ike,ike,2019,2,1,914.0,555.0,359.0,0.0,0.6072210065645515,,0.0,1768084262.92,30909707.47,2028638593.55,177476905778857.72,6.0,61497940.54,1482945.1,61033790.910000004,54706090.37,0.0,44502.0,7773.0,9999.0,,,,,,,,,,,10000.0,120.0,78.0,0.78,,,,25569.37,78.0,0.78,,,,,,,,,,,,,,,,,,
Hurricane_Ike,ike,2019,3,1,343.0,108.0,235.0,0.0,0.31486880466472306,,0.0,1178929742.84,11447331.36,1302067726.01,87099160530023.31,4.0,63999985.14,139485.67,63535835.510000005,77946186566.21,0.0,4528.0,2664.0,4269.0,,,,,,,,,,,3278.0,,,,,,,,,,,,,,,,,,,,,,,,,,,
Hurricane_Ike,ike,2019,4,1,199.0,6.0,193.0,0.0,0.03015075376884422,,0.0,749135010.43,10331026.25,3261824474077.42,31701689487267.23,3.0,60036649.17,981758.83,59572499.54000001,54682069.839999996,0.0,4528.0,1819.0,3486.0,,,,,,,,,,,3278.0,,,,,,,,,,,,,,,,,,,,,,,,,,,
Hurricane_Ike,ike,2020,1,1,173.0,6.0,167.0,0.0,0.03468208092485549,,0.0,899317674.44,5468386.87,958240673.84,29285115592940.15,2.0,59694834.4,292008.0,59230684.77,54632360.65,0.0,4512.0,2264.0,4182.0,,,,,,,,,,,3000.0,,,,,,,,,,,,,,,,,,,,,,,,,,,
Hurricane_Ike,ike,2020,2,1,146.0,2.0,144.0,0.0,0.0136986301369863,,0.0,955498239.61,2515833.57,1030956261.88,62889025003483.81,2.0,59971715.9,216568.11,59507566.27,54940302.04,74557.0,74359.0,2936.0,2534.0,,,,,,,,,,,416.0,,,,,,,,,,,,,,,,,,,,,,,,,,,
Hurricane_Ike,ike,2020,3,1,172.0,3.0,169.0,0.0,0.01744186046511628,,0.0,682356472.98,2463497.6999999997,3273654141002.41,69515153976253.73,2.0,59971715.9,291074.66,59507566.27,55231376.699999996,104764.0,104764.0,1811.0,1476.0,,,,,,,,,,,630.19,,,,,,,,,,,,,,,,,,,,,,,,,,,
Hurricane_Ike,ike,2020,4,1,152.0,3.0,20.0,0.0,0.019736842105263157,33.625,24.0,2088156.0,0.0,455641265.43,53463959116984.19,,,,,,,0.0,,0.0,,0.0,,0.0,,0.0,,,,1.0,416.0,,15.0,0.9,,,,2772.95,15.0,0.9,,,,,,,,,,,,,,,,,,
Hurricane_Ike,ike,2021,1,1,133.0,14.0,119.0,0.0,0.10526315789473684,,0.0,1071224021.11,2779738.7,971156703.33,21611240298204.44,1.0,60066161.32,137166.04,55943059.9,55943059.9,0.0,16.0,3676.0,4231.0,,,,,,,,,,,576.63,,5.0,0.9,,,,81739.48,5.0,0.9,,,,,,,,,,,,,,,,,,
Hurricane_Ike,ike,2021,2,1,100.0,1.0,99.0,0.0,0.01,,0.0,540733631.67,3586820.1699999995,481429597.64,25896107004176.2,1.0,60066161.32,0.0,58641.07,56001700.97,981.0,783.0,337.0,334.0,,,,,,,,,,,576.63,,,,,,,,,,,,,,,,,,,,,,,,,,,
Hurricane_Ike,ike,2021,3,1,84.0,0.0,84.0,0.0,0.0,,0.0,446193704.37,1868615.1,436218920.58,13823782810905.44,1.0,60066161.32,265061.24,265061.24,56266762.21,293.0,95.0,282.0,282.0,,,,,,,,,,,576.63,,,,,,,,,,,,,,,,,,,,,,,,,,,
Hurricane_Ike,ike,2021,4,1,121.0,0.0,121.0,0.0,0.0,,0.0,482185156.64,7316496.89,587960837.44,59965415324484.85,1.0,60066161.32,0.0,143237.01,56409999.22,41239.0,41239.0,282.0,282.0,,,,,,,,,,,576.63,,,,,,,,,,,,,,,,,,,,,,,,,,,
Hurricane_Ike,ike,2022,1,1,162.0,89.0,73.0,0.0,0.5493827160493827,,0.0,482651209.84000003,341567.25,545579344.88,52371996836481.87,1.0,60066161.32,0.0,67802.32,56477801.54,,,,,,,,,,,,,,,6653.0,,,,,,,,,,,,,,,,,,,,,,,,,,,
Hurricane_Ike,ike,2022,2,1,211.0,107.0,104.0,0.0,0.5071090047393365,,0.0,758340996.46,2845783.08,597910245.9,55653439421993.58,1.0,60066161.32,0.0,56826562.31,56826562.31,,,,,,,,,,,,,,,3459.0,,,,,,,,,,,,,,,,,,,,,,,,,,,
Hurricane_Ike,ike,2022,3,1,43.0,1.0,42.0,0.0,0.023255813953488372,,0.0,191462774.52,167515.4,215113818.31,7584587915825.09,1.0,60066161.32,0.0,170386.72,56996949.03,,,,,,,,,,,,,,,576.63,,,,,,,,,,,,,,,,,,,,,,,,,,,
Hurricane_Ike,ike,2022,4,1,33.0,0.0,33.0,0.0,0.0,,0.0,287452564.41999996,89283.28000000001,297307950.84000003,1600101259171.3,1.0,60066161.32,0.0,72402.14,57069351.17,,,,,,,,,,,,,,,576.63,,,,,,,,,,,,,,,,,,,,,,,,,,,
Hurricane_Ike,ike,2023,1,1,37.0,0.0,37.0,0.0,0.0,,0.0,219158695.55,89283.28000000001,247809503.27,19781886290369.97,1.0,60066161.32,0.0,117206.94,57186558.11,,,,,,,,,,,,,,,576.63,,,,,,,,,,,,,,,,,,,,,,,,,,,
Hurricane_Ike,ike,2023,2,1,53.0,0.0,53.0,0.0,0.0,,0.0,346126815.42,114834.75000000001,208133973.47,1908782892704.58,1.0,60066161.32,0.0,77486.27,57264044.38,,,,,,,,,,,,,,,576.63,,,,,,,,,,,,,,,,,,,,,,,,,,,
Hurricane_Ike,ike,2023,3,1,5.0,0.0,5.0,0.0,0.0,,0.0,167303272.98000002,523070.75,207588836.96,204555509.71,1.0,60066161.32,0.0,57348319.55,57390057.27,,,,,,,,,,,,,,,576.63,,,,,,,,,,,,,,,,,,,,,,,,,,,
Hurricane_Ike,ike,2023,4,1,41.0,14.0,27.0,0.0,0.34146341463414637,,0.0,266147514.22,963735.63,165861794.75,27883849361019.22,1.0,55477517.74,0.0,137890.72,57486210.27,,,,,,,,,,,,,,,3278.0,,,,,,,,,,,,,,,,,,,,,,,,,,,
Hurricane_Ike,ike,2024,1,1,67.0,47.0,20.0,0.0,0.7014925373134329,,0.0,193773179.99,898257.35,141262957.06,17044900703511.521,1.0,55477517.74,0.0,24280.85,57510491.12,,,,,,,,,,,,,,,576.63,,,,,,,,,,,,,,,,,,,,,,,,,,,
Hurricane_Ike,ike,2024,2,1,40.0,0.0,40.0,0.0,0.0,,0.0,221057920.97,912827.64,155716807.91,21456005218497.77,,,,,,,,,,,,,,,,,,,,576.63,,,,,,,,,,,,,,,,,,,,,,,,,,,
Hurricane_Ike,ike,2024,3,1,65.0,25.0,40.0,0.0,0.38461538461538464,,0.0,255351006.01,300473.67,223546139.15,28254792092646.43,1.0,55477517.74,0.0,103690.56,57614181.68,,,,,,,,,,,,,,,770.0,,,,,,,,,,,,,,,,,,,,,,,,,,,
Hurricane_Ike,ike,2024,4,1,33.0,4.0,29.0,0.0,0.12121212121212122,,0.0,222858363.03,277541.79,205508647.31,20528213601603.57,1.0,55477517.74,0.0,29351.49,57643533.17,,,,,,,,,,,,,,,576.63,,,,,,,,,,,,,,,,,,,,,,,,,,,
Hurricane_Ike,ike,2025,1,1,36.0,2.0,34.0,0.0,0.05555555555555555,,0.0,475976858.78000003,26996292.72,110862547.23,3798926299919.3096,1.0,55477517.74,0.0,70571.73,57714104.9,,,,,,,,,,,,,,,576.63,,,,,,,,,,,,,,,,,,,,,,,,,,,
Hurricane_Ike,ike,2025,2,1,23.0,1.0,22.0,0.0,0.043478260869565216,,0.0,276081186.63,918677.86,161086002.16,12303396873245.93,2.0,55477517.74,0.0,327972.12,58034455.42,,,,,,,,,,,,,,,576.63,,,,,,,,,,,,,,,,,,,,,,,,,,,
Hurricane_Ike,ike,2025,3,1,29.0,0.0,29.0,0.0,0.0,,0.0,228717720.03,1084321.84,75430761.07000001,9487355711014.54,1.0,55477517.74,0.0,30613.53,57776137.55,,,,,,,,,,,,,,,576.63,,,,,,,,,,,,,,,,,,,,,,,,,,,
Hurricane_Rita1,rita1,2011,3,1,83.0,68.0,13.0,2.0,0.8192771084337349,,0.0,45698159.800000004,282643.83999999997,46262748.18,45555843.68,1.0,506906.76,0.0,506906.76,506906.76,,,,,,,,,,,,,,,2088.0,150.0,,,,,,,,,,,,,,,,,,,,,,,,,,
Hurricane_Rita1,rita1,2011,4,1,47.0,28.0,16.0,3.0,0.5957446808510638,,0.0,42016113.36,10313.0,42586645.02,40864159.89,2.0,535778.76,0.0,535778.76,535778.76,,,,,,,,,,,,,,,2066.0,150.0,,,,,,,,,,,,,,,,,,,,,,,,,,
Hurricane_Rita1,rita1,2012,1,1,54.0,42.0,12.0,0.0,0.7777777777777778,,0.0,35101871.49,142278.42,35444349.03,34029906.11,,,,,,,,,,,,,,,,,,,,2066.0,150.0,,,,,,,,,,,,,,,,,,,,,,,,,,
Hurricane_Rita1,rita1,2012,2,1,30.0,17.0,11.0,2.0,0.5666666666666667,,0.0,40777651.43,207.91,41751146.34,40745585.56,3.0,2076268.74,0.0,2076268.74,2076268.74,,,,,,,,,,,,,,,2066.0,150.0,,,,,,,,,,,,,,,,,,,,,,,,,,
Hurricane_Rita1,rita1,2012,3,1,7.0,4.0,3.0,0.0,0.5714285714285714,,0.0,29689042.67,1415.0,28947942.67,29655531.18,,,,,,,,,,,,,,,,,,,,2066.0,,,,,,,,,,,,,,,,,,,,,,,,,,,
Hurricane_Rita1,rita1,2012,4,1,9.0,7.0,2.0,0.0,0.7777777777777778,,0.0,32311789.650000002,0.0,32311789.650000002,32266823.650000002,,,,,,,,,,,,,,,,,,,,,150.0,,,,,,,,,,,,,,,,,,,,,,,,,,
Hurricane_Rita1,rita1,2013,1,1,,,,,,,,,,,,,,,,,,,,,,,,,,,,,,,,,,,,,,,,,,,,,,,,,,,,,,,,,,
Hurricane_Rita1,rita1,2013,2,1,7.0,3.0,3.0,0.0,0.42857142857142855,,0.0,30702653.080000002,0.0,29571020.280000005,29571020.280000005,,,,,,,,,,,,,,,,,,,,,,,,,,,,,,,,,,,,,,,,,,,,,,,
Hurricane_Rita1,rita1,2013,3,1,3.0,0.0,0.0,0.0,0.0,,0.0,1151021.03,0.0,1151021.03,1151021.03,,,,,,,,,,,,,,,,,,,,,,,,,,,,,,,,,,,,,,,,,,,,,,,
Hurricane_Rita1,rita1,2013,4,1,,,,,,,,,,,,,,,,,,,,,,,,,,,,,,,,,,,,,,,,,,,,,,,,,,,,,,,,,,
Hurricane_Rita1,rita1,2014,1,1,14.0,11.0,3.0,0.0,0.7857142857142857,,0.0,6605327.54,0.0,37327918.79000001,36176897.760000005,6.0,3502576.98,0.0,3502576.98,3483188.74,,,,,,,,,,,,,,,,,,,,,,,,,,,,,,,,,,,,,,,,,,
Hurricane_Rita1,rita1,2014,2,1,1.0,0.0,1.0,0.0,0.0,,0.0,10000.0,0.0,10000.0,140.28,1.0,10000.0,0.0,10000.0,140.28,,,,,,,,,,,,,,,,,,,,,,,,,,,,,,,,,,,,,,,,,,
Hurricane_Rita1,rita1,2014,3,1,1.0,0.0,1.0,0.0,0.0,,0.0,10000.0,0.0,10000.0,512.97,1.0,10000.0,0.0,10000.0,512.97,,,,,,,,,,,,,,,,,,,,,,,,,,,,,,,,,,,,,,,,,,
Hurricane_Rita1,rita1,2014,4,1,1.0,0.0,1.0,0.0,0.0,,0.0,10000.0,0.0,10000.0,1015.74,1.0,10000.0,0.0,10000.0,1015.74,,,,,,,,,,,,,,,,,,,,,,,,,,,,,,,,,,,,,,,,,,
Hurricane_Rita1,rita1,2015,1,1,2.0,0.0,2.0,0.0,0.0,,0.0,1141632.8,682.75,10000.0,1698.49,1.0,10000.0,682.75,10000.0,1698.49,,,,,,,,,,,,,,,,,,,,,,,,,,,,,,,,,,,,,,,,,,
Hurricane_Rita1,rita1,2015,2,1,2.0,1.0,1.0,0.0,0.5,,0.0,1361082.8,0.0,1361082.8,664289.26,,,,,,0.0,1.0,0.0,8.0,,,,,,,,,,,0.0,,,,,,,,,,,,,,,,,,,,,,,,,,,
Hurricane_Rita1,rita1,2015,3,1,3.0,1.0,2.0,0.0,0.3333333333333333,,0.0,1370471.04,9388.24,1370471.04,1095589.64,1.0,9388.24,9388.24,9388.24,9388.24,,,8.0,8.0,,,,,,,,,,,0.0,,,,,,,,,,,,,,,,,,,,,,,,,,,
Hurricane_Rita1,rita1,2015,4,1,1.0,1.0,0.0,0.0,1.0,,0.0,4442.21,1108.33,10000.0,4069.0,1.0,4442.21,1108.33,10000.0,4069.0,,,,,,,,,,,,,,,,,,,,,,,,,,,,,,,,,,,,,,,,,,
Hurricane_Rita1,rita1,2016,1,1,4.0,2.0,1.0,0.0,0.5,,0.0,1096201.4,484.55,1097316.98,1097316.98,2.0,10000.0,484.54999999999995,11115.58,11115.58,,,8.0,8.0,,,,,,,,,,,,,,,,,,,,,,,,,,,,,,,,,,,,,,
Hurricane_Rita1,rita1,2016,2,1,2.0,0.0,2.0,0.0,0.0,,0.0,5557.79,0.0,50989.19,1277.51,1.0,5557.79,0.0,5557.79,1277.51,,,,,,,,,,,,,,,,,,,,,,,,,,,,,,,,,,,,,,,,,,
Hurricane_Rita1,rita1,2016,3,1,12.0,8.0,2.0,2.0,0.6666666666666666,,0.0,760458534492.3401,46526.31,6294513.9399999995,3409387.52,1.0,5557.79,1526.31,5557.79,2803.82,,,8.0,8.0,,,,,,,,,,,2066.0,120.0,,,,,,,,,,,,,,,,,,,,,,,,,,
Hurricane_Rita1,rita1,2016,4,1,29.0,29.0,0.0,0.0,1.0,,0.0,16356463.67,2753.97,47079054.92,45992853.52,10.0,3545015.0,2753.97,3545015.0,3545015.0,,,542.0,602.0,,,,,,,,,,,2066.0,,,,,,,,,,,,,,,,,,,,,,,,,,,
Hurricane_Rita2,rita2,2011,3,1,40.0,8.0,31.0,0.0,0.2,,0.0,592234828.73,5889723.34,422090005.03999996,414422427.66999996,6.0,216399707.0,2164646.94,16031226.0,14042869.58,,,,,,,,,,,,,,466.0,1022.0,170.0,1.0,0.76,,,,,,,100000.0,1.0,0.76,,,,,,,,,,,,,,,
Hurricane_Rita2,rita2,2011,4,1,28.0,12.0,16.0,0.0,0.42857142857142855,,0.0,310463246.63,1302426.23,338758974.38,337112858.90999997,1.0,235275.0,0.0,235275.0,235275.0,,,,,,,,,,,,,,,1022.0,170.0,,,,,,,,,,,,,,,,,,,,,,,,,,
Hurricane_Rita2,rita2,2012,1,1,12.0,6.0,6.0,0.0,0.5,,0.0,233555898.81,112766.04,259743229.81,253316614.23,1.0,800000.0,0.0,800000.0,680460.14,,,,,,,,,,,,,,,1022.0,170.0,,,,,,,,,,,,,,,,,,,,,,,,,,
Hurricane_Rita2,rita2,2012,2,1,31.0,16.0,14.0,1.0,0.5161290322580645,,0.0,512679754.40999997,1503735.0,329037107.81,334681803.21000004,6.0,215912937.71,0.0,16031226.0,5414970.84,,,,,,,,,,,,,,,1022.0,170.0,1.0,0.76,,,,,,,100000.0,1.0,0.76,,,,,,,,,,,,,,,
Hurricane_Rita2,rita2,2012,3,1,21.0,15.0,5.0,1.0,0.7142857142857143,,0.0,84511188.99,1504744.0,98668330.77,98179849.64,3.0,5082007.81,0.0,4929361.51,4725216.8,,,,,,,,,,,,,,,1022.0,170.0,1.0,0.76,,,,,,,100000.0,1.0,0.76,,,,,,,,,,,,,,,
Hurricane_Rita2,rita2,2012,4,1,7.0,1.0,6.0,0.0,0.14285714285714285,,0.0,226345190.0,12546.48,24887266.0,14889815.540000001,3.0,214962268.0,7939.48,14492931.0,4622824.61,,,,,,,,,,,,,,,1022.0,,,,,,,,,,,,,,,,,,,,,,,,,,,
Hurricane_Rita2,rita2,2013,1,1,9.0,0.0,9.0,0.0,0.0,,0.0,233875117.0,954.0,232886530.0,232142985.17000002,2.0,4962268.0,0.0,4962268.0,4532563.66,,,,,,,,,,,,,,,849.0,,,,,,,,,,,,,,,,,,,,,,,,,,,
Hurricane_Rita2,rita2,2013,2,1,10.0,1.0,8.0,0.0,0.1,,0.0,217626815.11,0.0,214808964.34,214808964.34,2.0,4573296.87,0.0,4538374.79,4538374.79,,,,,,,,,,,,,,,1022.0,,,,,,,,,,,,,,,,,,,,,,,,,,,
Hurricane_Rita2,rita2,2013,3,1,4.0,0.0,1.0,0.0,0.0,,0.0,5568814.42,0.0,5518137.0,5550299.76,1.0,3884590.66,0.0,3884590.66,3856076.0,,,,,,,,,,,,,,,849.0,,,,,,,,,,,,,,,,,,,,,,,,,,,
Hurricane_Rita2,rita2,2013,4,1,5.0,0.0,4.0,0.0,0.0,,0.0,5752329.07,0.0,5752329.07,3856076.0,3.0,3995768.08,0.0,3995768.08,3856076.0,,,,,,,,,,,,,,,849.0,,,,,,,,,,,,,,,,,,,,,,,,,,,
Hurricane_Rita2,rita2,2014,1,1,23.0,16.0,5.0,1.0,0.6956521739130435,,0.0,459386072.15999997,153087.78,258087991.26000002,248272171.01000002,7.0,215540550.8,0.0,14875635.879999999,5655451.48,,,,,,,,,,,,,,,1022.0,,,,,,,,,,,,,,,,,,,,,,,,,,,
Hurricane_Rita2,rita2,2014,2,1,4.0,0.0,3.0,0.0,0.0,,0.0,1918316.34,400.0,1918316.34,1149701.62,2.0,111177.33,0.0,111177.33,16515.190000000002,,,,,,,,,,,,,,,849.0,,,,,,,,,,,,,,,,,,,,,,,,,,,
Hurricane_Rita2,rita2,2014,3,1,5.0,2.0,3.0,0.0,0.4,,0.0,22133475.73,3630.52,21790578.240000002,18930113.05,1.0,57680.67,0.0,40500.0,20521.86,,,,,,,,,,,,,,,849.0,,,,,,,,,,,,,,,,,,,,,,,,,,,
Hurricane_Rita2,rita2,2014,4,1,5.0,1.0,4.0,0.0,0.2,,0.0,15638967.72,0.0,15696648.39,13831008.780000001,2.0,53496.66,0.0,111177.33,52676.729999999996,,,,,,,,,,,,,,,849.0,,,,,,,,,,,,,,,,,,,,,,,,,,,
Hurricane_Rita2,rita2,2015,1,1,5.0,1.0,3.0,0.0,0.2,,0.0,9703542.82,0.0,9761223.49,6498915.88,2.0,53496.66,0.0,111177.33,87733.61,,,,,,,,,,,,,,,849.0,,,,,,,,,,,,,,,,,,,,,,,,,,,
Hurricane_Rita2,rita2,2015,2,1,3.0,1.0,2.0,0.0,0.3333333333333333,,0.0,2125826.35,20499.66,12329323.01,10371389.19,1.0,0.0,20499.66,53496.66,20499.66,,,175.0,321.0,,,,,,,,,,,849.0,,,,,,,,,,,,,,,,,,,,,,,,,,,
Hurricane_Rita2,rita2,2015,3,1,6.0,3.0,3.0,0.0,0.5,,0.0,8400234.77,240681.0,19662694.77,23019168.56,1.0,153753.54,0.0,153753.54,96072.87,,,246.0,403.0,,,,,,,,,,,849.0,,,,,,,,,,,,,,,,,,,,,,,,,,,
Hurricane_Rita2,rita2,2015,4,1,6.0,4.0,2.0,0.0,0.6666666666666666,,0.0,14356386.9,114317.04,28039672.94,27448091.09,2.0,222106.92,19271.03,127504.3,131558.3,,,126.0,233.0,,,,,,,,,,,849.0,,,,,,,,,,,,,,,,,,,,,,,,,,,
Hurricane_Rita2,rita2,2016,1,1,10.0,8.0,2.0,0.0,0.8,,0.0,62208639.14,0.0,86306423.58,86239704.86,1.0,0.0,0.0,169452.39,103177.06,,,1216.0,1681.0,,,,,,,,,,,849.0,,,,,,,,,,,,,,,,,,,,,,,,,,,
Hurricane_Rita2,rita2,2016,2,1,2.0,0.0,2.0,0.0,0.0,,0.0,169452.39,443.39,2401388.8200000003,2354869.33,1.0,169452.39,0.0,169452.39,123376.29,,,15.0,19.0,,,,,,,,,,,849.0,,,,,,,,,,,,,,,,,,,,,,,,,,,
Hurricane_Rita2,rita2,2016,3,1,2.0,0.0,2.0,0.0,0.0,,0.0,2401388.82,180728.97,2220659.85,2356872.09,1.0,169895.78,0.0,169895.78,125379.05,,,15.0,19.0,,,,,,,,,,,849.0,,,,,,,,,,,,,,,,,,,,,,,,,,,
Hurricane_Rita2,rita2,2016,4,1,29.0,27.0,1.0,1.0,0.9310344827586207,,0.0,301616469.43,1506407.55,315549069.45,314942946.64,2.0,405170.78,6407.55,405170.78,367061.6,40305.0,38417.0,2781.0,2781.0,,43.0,,,,,,,,,1022.0,120.0,1.0,0.76,,,,,,,100000.0,1.0,0.76,,,,,,,,,,,,,,,
Hurricane_Rita2,rita2,2017,1,1,7.0,5.0,1.0,1.0,0.7142857142857143,,0.0,27815926.26,1606982.56,33704425.97,29968428.950000003,2.0,222550.31,0.0,222550.31,184938.2,423189.0,36619.0,64.0,68.0,,43.0,,,,,,,,,849.0,,1.0,0.76,,,,,,,100000.0,1.0,0.76,,,,,,,,,,,,,,,
Hurricane_Rita2,rita2,2017,2,1,1.0,0.0,1.0,0.0,0.0,,0.0,169895.78,339.58,169895.78,132623.25,1.0,169895.78,339.58,169895.78,132623.25,,,,,,,,,,,,,,,849.0,,,,,,,,,,,,,,,,,,,,,,,,,,,
Hurricane_Rita2,rita2,2017,3,1,2.0,1.0,1.0,0.0,0.5,,0.0,4499778.78,6700.0,3713756.67,3680184.14,1.0,172895.78,3700.0,169895.78,136323.25,,,34.0,34.0,,,,,,,,,,,849.0,,,,,,,,,,,,,,,,,,,,,,,,,,,
Hurricane_Rita2,rita2,2017,4,1,7.0,7.0,0.0,0.0,1.0,,0.0,223380020.01,107675.82,223030971.79999998,220728976.82,1.0,172895.78,0.0,172895.78,136323.25,,,2482.0,2482.0,,,,,,,,,,,1022.0,,,,,,,,,,,,,,,,,,,,,,,,,,,
Mitigation_ActionPlan,mit,2021,1,1,38.0,0.0,38.0,0.0,0.0,,0.0,3662273330.0,0.0,0.0,0.0,9.0,208859450.0,0.0,0.0,0.0,,,,,,,,,,,,,,,,,,,,,,,,,,,,,,,,,,,,,,,,,,
Mitigation_ActionPlan,mit,2021,3,1,38.0,0.0,38.0,0.0,0.0,,0.0,0.0,0.0,0.0,0.0,9.0,0.0,0.0,0.0,0.0,,,,,,,,,,,,,,,,,,,,,,,,,,,,,,,,,,,,,,,,,,
Mitigation_ActionPlan,mit,2021,4,1,126.0,0.0,126.0,0.0,0.0,,0.0,105400.0,0.0,0.0,0.0,9.0,0.0,0.0,0.0,0.0,,,,,,,,,,,,,,,,,1.0,0.78,,,,2250000.0,1.0,0.78,,,,,,,,,,,,,,,,,,
Mitigation_ActionPlan,mit,2022,1,1,153.0,0.0,152.0,0.0,0.0,,0.0,0.0,0.0,0.0,0.0,9.0,0.0,0.0,0.0,0.0,,,,,,,,,,,,,,,,,1.0,0.78,,,,2250000.0,1.0,0.78,,,,,,,,,,,,,,,,,,
Mitigation_ActionPlan,mit,2022,2,1,165.0,0.0,165.0,0.0,0.0,,0.0,0.0,0.0,0.0,0.0,11.0,0.0,0.0,0.0,0.0,,,,,,,,,,,,,,,,,1.0,0.78,,,,2250000.0,1.0,0.78,,,,,,,,,,,,,,,,,,
Mitigation_ActionPlan,mit,2022,3,1,174.0,0.0,173.0,0.0,0.0,,0.0,27813110.7,0.0,0.0,0.0,12.0,0.0,0.0,0.0,0.0,,,,,,,,,,,,,,,,,1.0,0.78,,,,2250000.0,1.0,0.78,,,,,,,,,,,,,,,,,,
Mitigation_ActionPlan,mit,2022,4,1,190.0,0.0,189.0,0.0,0.0,,0.0,27813110.7,0.0,0.0,0.0,12.0,0.0,0.0,0.0,0.0,,,,,,,,,,,,,,,,,1.0,0.78,,,,2250000.0,1.0,0.78,,,,,,,,,,,,,,,,,,
Mitigation_ActionPlan,mit,2023,1,1,195.0,0.0,194.0,0.0,0.0,,0.0,27813110.7,0.0,0.0,0.0,12.0,0.0,0.0,0.0,0.0,,,,,,,,,,,,,,,,,1.0,0.78,,,,2250000.0,1.0,0.78,,,,,,,,,,,,,,,,,,
Mitigation_ActionPlan,mit,2023,2,1,200.0,0.0,198.0,0.0,0.0,,0.0,27813110.7,0.0,0.0,0.0,12.0,0.0,0.0,0.0,0.0,,,,,,,,,,,,,,,,,1.0,0.78,,,,2250000.0,1.0,0.78,,,,,,,,,,,,,,,,,,
Mitigation_ActionPlan,mit,2023,3,1,211.0,0.0,209.0,0.0,0.0,,0.0,22962171.66,0.0,0.0,0.0,11.0,0.0,0.0,0.0,0.0,,,,,,,,,,,,,,,,,1.0,0.78,,,,2250000.0,1.0,0.78,,,,,,,,,,,,,,,,,,
Mitigation_ActionPlan,mit,2023,4,1,243.0,0.0,242.0,0.0,0.0,,0.0,19803033.66,0.0,0.0,0.0,11.0,0.0,0.0,0.0,0.0,,,,,,,,,,,,,,,,,1.0,0.78,,,,2250000.0,1.0,0.78,,,,,,,,,,,,,,,,,,
Mitigation_ActionPlan,mit,2024,1,1,340.0,2.0,338.0,0.0,0.0058823529411764705,,0.0,20785010.16,0.0,0.0,0.0,11.0,0.0,0.0,0.0,0.0,,,,,,,,,,,,,,,,,1.0,0.78,,,,2250000.0,1.0,0.78,,,,,,,,,,,,,,,,,,
Mitigation_ActionPlan,mit,2024,2,1,386.0,3.0,383.0,0.0,0.007772020725388601,,0.0,38739135.16,0.0,0.0,0.0,11.0,0.0,0.0,0.0,0.0,,,,,,,,,,,,,,,2012.0,,1.0,0.78,,,,2250000.0,1.0,0.78,,,,,,,,,,,,,,,,,,
Mitigation_ActionPlan,mit,2024,3,1,433.0,6.0,426.0,0.0,0.013856812933025405,,0.0,39686935.16,0.0,0.0,0.0,11.0,0.0,0.0,0.0,0.0,,,,,,,,,,,,,,,2012.0,,1.0,0.78,,,,2250000.0,1.0,0.78,,,,,,,,,,,,,,,,,,
Mitigation_ActionPlan,mit,2024,4,1,469.0,6.0,457.0,5.0,0.01279317697228145,,0.0,55498124.66,0.0,0.0,0.0,11.0,0.0,0.0,0.0,0.0,,,,,,,,,,,,,,,2012.0,,1.0,0.78,,,,2250000.0,1.0,0.78,,,,,,,,,,,,,,,,,,
Mitigation_ActionPlan,mit,2025,1,1,541.0,6.0,528.0,5.0,0.011090573012939002,,0.0,56410724.66,0.0,0.0,0.0,11.0,0.0,0.0,0.0,0.0,,,,,,,,,,,,,,,2012.0,,1.0,0.78,,,,2250000.0,1.0,0.78,,,,,,,,,,,,,,,,,,
Mitigation_ActionPlan,mit,2025,2,1,611.0,6.0,598.0,5.0,0.009819967266775777,,0.0,79915696.66,0.0,0.0,0.0,11.0,0.0,0.0,0.0,0.0,,,,,,,,,,,,,,,2012.0,,1.0,0.78,,,,2250000.0,1.0,0.78,,,,,,,,,,,,,,,,,,
Mitigation_ActionPlan,mit,2025,3,1,661.0,7.0,649.0,5.0,0.01059001512859304,,0.0,79915632.66,0.0,0.0,0.0,11.0,0.0,0.0,0.0,0.0,,,,,,,,,,,,,,,2012.0,,1.0,0.78,,,,2250000.0,1.0,0.78,,,,,,,,,,,,,,,,,,
Mitigation_ActionPlan,mit,2025,4,1,711.0,7.0,699.0,5.0,0.009845288326300985,,0.0,79915632.66,0.0,0.0,0.0,11.0,0.0,0.0,0.0,0.0,,,,,,,,,,,,,,,2012.0,,1.0,0.78,,,,2250000.0,1.0,0.78,,,,,,,,,,,,,,,,,,
Mitigation_Performance,mit,2021,1,1,38.0,0.0,38.0,0.0,0.0,,0.0,1735399660.0,630261.72,716704276.75,4011288266.67,9.0,214859450.0,428705.72000000003,1444660.75,214859450.0,,,,,,,,,,,,,,,330.0,,,,,,,,,,,,,,,,,,,,,,,,,,,
Mitigation_Performance,mit,2021,2,1,,,,,,,,,,,,,,,,,,,,,,,,,,,,,,,0.0,,,,,,,,,,,,,,,,,,,,,,,,,,,
Mitigation_Performance,mit,2021,3,1,30.0,0.0,30.0,0.0,0.0,,0.0,857718900.0,2167858.12,921022878.67,579604887.73,9.0,214859450.0,1451113.1600000001,214859450.0,197996068.93,,,44.0,226.0,,,,,,,,,,,,,,,,,,,,,,,,,,,,,,,,,,,,,,
Mitigation_Performance,mit,2021,4,1,132.0,0.0,132.0,0.0,0.0,,0.0,3782124647.98,6355990.92,8527328475460705.0,4627985183.16,9.0,244859450.0,895611.7999999999,216126032.82,14929709.01,,,114.0,1009.0,,,,,,,,,,,,,1.0,0.78,,,,2250000.0,1.0,0.78,,,,,,,,,,,,,,,,,,
Mitigation_Performance,mit,2022,1,1,73.0,0.0,72.0,0.0,0.0,,0.0,2228742464.78,0.0,1.1155793581049186e+16,18944836954855.688,9.0,429718900.0,0.0,401144376.82,5141908186843.5,,,,,,,,,,,,,,,,,,,,,,,,,,,,,,,,,,,,,,,,,,
Mitigation_Performance,mit,2022,2,1,130.0,0.0,130.0,0.0,0.0,,0.0,2475751424.42,0.0,1.223108857012737e+16,12606995675092.621,9.0,429718900.0,0.0,218409691.91,198765323.01,,,,,,,,,,,,,,,,,1.0,0.78,,,,2250000.0,1.0,0.78,,,,,,,,,,,,,,,,,,
Mitigation_Performance,mit,2022,3,1,116.0,0.0,116.0,0.0,0.0,,0.0,2922037710.02,0.0,1.5134151347283686e+16,18272470688217.94,10.0,1142218900.0,0.0,1115007556.45,6624895988375.87,,,,,,,,,,,,,,,,,,,,,,,,,,,,,,,,,,,,,,,,,,
Mitigation_Performance,mit,2022,4,1,118.0,0.0,118.0,0.0,0.0,,0.0,2189423831.1,0.0,2.334026984137704e+16,21436904832432.35,9.0,429718900.0,0.0,402745760.51,1027056137475.1799,,,,,,,,,,,,,,,,,1.0,0.78,,,,2250000.0,1.0,0.78,,,,,,,,,,,,,,,,,,
Mitigation_Performance,mit,2023,2,1,113.0,0.0,112.0,0.0,0.0,,0.0,2398780964.68,0.0,1.5717380907867156e+16,17251957589307.88,9.0,409718900.0,0.0,215279536.91,2536401501837.74,,,,,,,,,,,,,,,,,1.0,0.78,,,,2250000.0,1.0,0.78,,,,,,,,,,,,,,,,,,
Mitigation_Performance,mit,2023,3,1,135.0,0.0,135.0,0.0,0.0,,0.0,1180583125.86,0.0,2.6774593844117564e+16,9854487548303.78,11.0,214859450.0,0.0,214859450.0,3096254383407.5103,,,,,,,,,,,,,,,,,1.0,0.78,,,,2250000.0,1.0,0.78,,,,,,,,,,,,,,,,,,
Mitigation_Performance,mit,2023,4,1,155.0,0.0,155.0,0.0,0.0,,0.0,1184471110.64,25666068.72,2.384816242367569e+16,12098972056883.58,10.0,211359450.0,0.0,211359450.0,2508131320069.1,,,,,,,,,,,,,,,,,1.0,0.78,,,,2250000.0,1.0,0.78,,,,,,,,,,,,,,,,,,
Mitigation_Performance,mit,2024,1,1,183.0,2.0,181.0,0.0,0.01092896174863388,,0.0,895176688.31,0.0,2.3113432543593172e+16,31718688842910.39,10.0,47000000.0,0.0,47000000.0,1302151389609.81,,,,,,,,,,,,,,,,,1.0,0.78,,,,2250000.0,1.0,0.78,,,,,,,,,,,,,,,,,,
Mitigation_Performance,mit,2024,2,1,221.0,1.0,220.0,0.0,0.004524886877828055,,0.0,1165571042.24,0.0,2.674835164931916e+16,44166556993237.61,10.0,211359450.0,0.0,211359450.0,7718011833103.37,,,,,,,,,,,,,,,2012.0,,1.0,0.78,,,,2250000.0,1.0,0.78,,,,,,,,,,,,,,,,,,
Mitigation_Performance,mit,2024,3,1,271.0,3.0,268.0,0.0,0.01107011070110701,,0.0,1514534622.18,21843239.84,4.015248170310264e+16,84640052596780.55,11.0,214859450.0,0.0,214859450.0,5343980998189.38,,,,,,,,,,,,,,,,,1.0,0.78,,,,2250000.0,1.0,0.78,,,,,,,,,,,,,,,,,,
Mitigation_Performance,mit,2024,4,1,248.0,0.0,246.0,1.0,0.0,,0.0,1388003986.73,0.0,3.510975428943999e+16,86586264375416.58,10.0,212859450.0,0.0,212859450.0,15500001268419.238,,,,,,,,,,,,,,,,,1.0,0.78,,,,2250000.0,1.0,0.78,,,,,,,,,,,,,,,,,,
Mitigation_Performance,mit,2025,1,1,344.0,0.0,343.0,0.0,0.0,,0.0,1722363263.82,500000.0,3.512817290660811e+16,84507221364030.19,11.0,214859450.0,0.0,214859450.0,1811629853831.66,,,,,,,,,,,,,,,525.13,,1.0,0.78,,,,2250000.0,1.0,0.78,,,,,,,,,,,,,,,,,,
Mitigation_Performance,mit,2025,2,1,378.0,0.0,378.0,0.0,0.0,,0.0,1869398671.7,3956545.65,4.6947108099429016e+16,86245065045638.94,11.0,214859450.0,0.0,249967798.07999998,242200918.52,,,,,,,,,,,,,,,525.13,,1.0,0.78,,,,2250000.0,1.0,0.78,,,,,,,,,,,,,,,,,,
Mitigation_Performance,mit,2025,3,1,436.0,0.0,436.0,0.0,0.0,,0.0,2188756280.21,0.0,5.3974754035093256e+16,91565936283962.97,3.0,213913624.04,0.0,213913624.04,206618281.82999998,,,,,,,,,,,,,,,800.0,,1.0,0.78,,,,2250000.0,1.0,0.78,,,,,,,,,,,,,,,,,,
Mitigation_Performance,mitigationgrantreport,2023,1,1,117.0,0.0,117.0,0.0,0.0,,0.0,2254997002.64,0.0,1.218442369347026e+16,31564260527719.09,11.0,429718900.0,0.0,225082172.65,8332021130639.061,,,,,,,,,,,,,,,,,1.0,0.78,,,,2250000.0,1.0,0.78,,,,,,,,,,,,,,,,,,
Wildfire_I,wf1,2013,3,1,5.0,0.0,5.0,0.0,0.0,,0.0,17001541.0,12095.54,25292773.619999997,1731861.82,2.0,1088160.0,8513.54,1088160.0,209234.86,,,,,,,,,,,,,,,999.0,,,,,,,,,,,,,,,,,,,,,,,,,,,
Wildfire_I,wf1,2014,1,1,8.0,0.0,7.0,0.0,0.0,,0.0,22277317.0,17966.39,30443485.21,4289058.2700000005,3.0,1565984.0,17966.39,1565984.0,403186.5,,,,,,,,,,,,,,,999.0,,,,,,,,,,,,,,,,,,,,,,,,,,,
Wildfire_I,wf1,2014,2,1,8.0,0.0,7.0,0.0,0.0,,0.0,21351358.0,1493327.5899999999,30544476.560000002,10602260.26,3.0,1540025.0,32697.8,1540025.0,493437.47,,,,,,,,,,,,,,,999.0,,,,,,,,,,,,,,,,,,,,,,,,,,,
Wildfire_I,wf1,2014,3,1,6.0,0.0,5.0,0.0,0.0,,0.0,26304367.81,670562.9,16716702.74,5062273.47,2.0,1316324.81,0.0,1397350.0,409121.95999999996,,,,,,,,,,,,,,,999.0,,,,,,,,,,,,,,,,,,,,,,,,,,,
Wildfire_I,wf1,2014,4,1,7.0,0.0,6.0,0.0,0.0,,0.0,30134963.0,200114.06,31746649.51,11158301.379999999,2.0,1315135.92,7499.79,1316324.81,439309.68,,,,,,,,,,,,,,,999.0,,,,,,,,,,,,,,,,,,,,,,,,,,,
Wildfire_I,wf1,2015,1,1,12.0,0.0,9.0,0.0,0.0,,0.0,26408284.89,198784.77000000002,30369372.0,16839950.44,3.0,1198793.1099999999,156016.01,1315135.92,900745.55,,,,,,,,,,,,,,,999.0,,,,,,,,,,,,,,,,,,,,,,,,,,,
Wildfire_I,wf1,2015,2,1,15.0,0.0,13.0,0.0,0.0,,0.0,22520876046.91,489625.5,22906633.53,18899382.84,2.0,819618.22,15450.54,819618.22,570110.32,,,34.0,34.0,,,,,,,,,,,999.0,,,,,,,,,,,,,,,,,,,,,,,,,,,
Wildfire_I,wf1,2015,3,1,5.0,0.0,5.0,0.0,0.0,,0.0,839134.22,44326.14,5222382.989999999,3096657.52,2.0,819618.22,22516.260000000002,819618.22,506327.48,,,,,,,,,,,,,,,999.0,,,,,,,,,,,,,,,,,,,,,,,,,,,
Wildfire_I,wf1,2015,4,1,16.0,0.0,16.0,0.0,0.0,,0.0,25750437.68,80043.35,21484312.28,4880358.24,2.0,819618.22,0.0,819618.22,524849.9,,,,,,,,,,,,,,,999.0,,,,,,,,,,,,,,,,,,,,,,,,,,,
Wildfire_I,wf1,2016,1,1,17.0,0.0,17.0,0.0,0.0,,0.0,22810494.75,176592.48,25952539.85,5611901.75,2.0,819618.22,42185.54,819618.22,523837.77,,,6.0,6.0,,,,,,,,,,,999.0,,,,,,,,,,,,,,,,,,,,,,,,,,,
Wildfire_I,wf1,2016,2,1,14.0,0.0,14.0,0.0,0.0,,0.0,28362057.14,209511.22999999998,26382373.17,8860560.2,2.0,819618.0,7038.81,819618.22,553506.64,,,,,,,,,,,,,,,999.0,,,,,,,,,,,,,,,,,,,,,,,,,,,
Wildfire_I,wf1,2016,3,1,16.0,1.0,15.0,0.0,0.0625,,0.0,21478217.32,475404.83,23613584.28,9057294.51,3.0,962293.0,1934.64,962293.0,693449.16,122746.0,122746.0,,,,,,,,,,,,,999.0,,,,,,,,,,,,,,,,,,,,,,,,,,,
Wildfire_I,wf1,2016,4,1,20.0,7.0,13.0,0.0,0.35,,0.0,24871218.83,606752.55,31084910.71,10642783.85,4.0,1292430.42,8523.1,1293306.0,1032985.26,122746.0,122746.0,29.0,34.0,,,,,,,,,,,999.0,,,,,,,,,,,,,,,,,,,,,,,,,,,
Wildfire_I,wf1,2017,1,1,17.0,3.0,13.0,1.0,0.17647058823529413,,0.0,21291076.69,1023242.16,24339920.32,9663619.33,3.0,962293.0,5605.3,727741.61,721196.93,,,29.0,34.0,,,,,,,,,,,999.0,,,,,,,,,,,,,,,,,,,,,,,,,,,
Wildfire_I,wf1,2017,2,1,12.0,0.0,12.0,0.0,0.0,,0.0,22749883.85,7334.38,17685822.79,5769790.83,2.0,820493.5800000001,5737.5,585135.01,585135.01,,,,,,,,,,,,,,,737.5,,,,,,,,,,,,,,,,,,,,,,,,,,,
Wildfire_I,wf1,2017,3,1,10.0,0.0,10.0,0.0,0.0,,0.0,17465568.19,961964.5700000001,3168664681024.3003,6041900.35,1.0,542998.26,2541.1,310180.79,310180.79,,,,,,,,,,,,,,,10.0,,,,,,,,,,,,,,,,,,,,,,,,,,,
Wildfire_I,wf1,2017,4,1,9.0,0.0,9.0,0.0,0.0,,0.0,16942558.62,1278985.48,20652549.86,3164150620625.46,1.0,542998.26,0.0,312644.15,310180.79,,,,,,,,,,,,,,,10.0,,,,,,,,,,,,,,,,,,,,,,,,,,,
Wildfire_I,wf1,2018,1,1,10.0,0.0,10.0,0.0,0.0,,0.0,15610440.71,1043275.96,20947791.14,12542946.49,1.0,542998.26,5305.23,315486.02,315486.02,,,,,,,,,,,,,,,305.23,,,,,,,,,,,,,,,,,,,,,,,,,,,
Wildfire_I,wf1,2018,2,1,10.0,0.0,10.0,0.0,0.0,,0.0,15610440.71,1137635.07,17817108.71,13697795.95,1.0,542998.26,0.0,356265.2,329885.71,,,,,,,,,,,,,,,10.0,,,,,,,,,,,,,,,,,,,,,,,,,,,
Wildfire_I,wf1,2018,3,1,10.0,0.0,10.0,0.0,0.0,,0.0,15610440.71,9057.12,20994307.57,1136495845285.5198,1.0,542998.26,4734.29,356265.2,334620.0,,,,,,,,,,,,,,,10.0,,,,,,,,,,,,,,,,,,,,,,,,,,,
Wildfire_I,wf1,2018,4,1,12.0,0.0,12.0,0.0,0.0,,0.0,12318729.29,270999.74,22608798.16,5193305102799.73,1.0,542998.26,2164.69,356265.2,336784.69,,,,,,,,,,,,,,,10.0,,,,,,,,,,,,,,,,,,,,,,,,,,,
Wildfire_I,wf1,2019,1,1,12.0,0.0,12.0,0.0,0.0,,0.0,12318729.29,1084.81,22609087.93,15578547.45,1.0,542998.26,0.0,356265.2,338947.92,,,,,,,,,,,,,,,163.23,,,,,,,,,,,,,,,,,,,,,,,,,,,
Wildfire_I,wf1,2019,2,1,13.0,1.0,12.0,0.0,0.07692307692307693,,0.0,22849951.97,1011.63,22522797263.649998,15578959.31,1.0,542998.26,623.41,542998.26,338324.51,,,,,,,,,,,,,,,10.0,,,,,,,,,,,,,,,,,,,,,,,,,,,
Wildfire_I,wf1,2019,3,1,10.0,0.0,10.0,0.0,0.0,,0.0,20095926.43,3185.2999999999997,18496353.76,11284831.7,1.0,542998.26,3010.7,542998.26,341335.21,,,,,,,,,,,,,,,10.0,,,,,,,,,,,,,,,,,,,,,,,,,,,
Wildfire_I,wf1,2019,4,1,11.0,0.0,11.0,0.0,0.0,26.545454545454547,11.0,10268083.07,0.0,9003215.23,7953548921618.641,1.0,0.0,0.0,542998.26,354137.54,,,,,,,,,,,,,,,10.0,,,,,,,,,,,,,,,,,,,,,,,,,,,
Wildfire_I,wf1,2020,1,1,10.0,0.0,10.0,0.0,0.0,,0.0,18497900.2,2788.07,21701511.259999998,11301977.56,1.0,542998.26,2667.79,542998.26,356805.33,,,,,,,,,,,,,,,10.0,,,,,,,,,,,,,,,,,,,,,,,,,,,
Wildfire_I,wf1,2020,2,1,12.0,2.0,10.0,0.0,0.16666666666666666,,0.0,16168772.69,531342.61,26361127.97,1427183710807.3901,1.0,542998.26,2510.09,542998.26,359315.42,,,29.0,34.0,,,,,,,,,,,10.0,,,,,,,,,,,,,,,,,,,,,,,,,,,
Wildfire_I,wf1,2020,3,1,10.0,1.0,9.0,0.0,0.1,,0.0,19832617.45,635.84,21436685.01,2933626060854.69,1.0,542998.26,565.71,542998.26,359881.13,,,23.0,28.0,,,,,,,,,,,10.0,,,,,,,,,,,,,,,,,,,,,,,,,,,
Wildfire_I,wf1,2020,4,1,9.0,0.0,9.0,0.0,0.0,,0.0,16602861.91,436265.59,13999609.27,1427296613846.69,1.0,542998.26,6914.49,366795.62,366795.62,,,,,,,,,,,,,,,10.0,,1.0,0.9,,,,79.02,1.0,0.9,,,,,,,,,,,,,,,,,,
Wildfire_I,wf1,2021,1,1,11.0,1.0,10.0,0.0,0.09090909090909091,,0.0,14338381.620000001,903318.61,18113905.02,1427478347035.97,1.0,542998.26,1802.64,1802.64,368598.26,,,6.0,6.0,,,,,,,,,,,10.0,,,,,,,,,,,,,,,,,,,,,,,,,,,
Wildfire_I,wf1,2021,2,1,,,,,,,,,,,,,,,,,,,,,,,,,,,,,,,,,,,,,,,,,,,,,,,,,,,,,,,,,,
Wildfire_I,wf1,2021,3,1,13.0,3.0,10.0,0.0,0.23076923076923078,,0.0,4836180.5600000005,762.94,21466623.7,3894384990840.29,1.0,542998.26,0.0,371115.84,371115.84,55645.0,55645.0,29.0,34.0,,,,,,,,,,,2021.0,,,,,,,,,,,,,,,,,,,,,,,,,,,
Wildfire_I,wf1,2021,4,1,9.0,0.0,9.0,0.0,0.0,,0.0,21439472.0,42.9,19094158.15,7041213620437.5,1.0,542998.26,0.0,2663.13,373778.97,,,,,,,,,,,,,,,10.0,,,,,,,,,,,,,,,,,,,,,,,,,,,
Wildfire_I,wf1,2022,1,1,9.0,0.0,9.0,0.0,0.0,,0.0,21439472.0,0.0,18374989.22,17539778261962.61,1.0,542998.26,0.0,376032.46,376032.46,,,,,,,,,,,,,,,10.0,,8.0,0.9,,,,195.52,8.0,0.9,,,,,,,,,,,,,,,,,,
Wildfire_I,wf1,2022,2,1,9.0,0.0,9.0,0.0,0.0,,0.0,21439472.0,0.0,17996552.18,9016653252676.041,1.0,542998.26,0.0,7206.26,383238.72,,,,,,,,,,,,,,,10.0,,,,,,,,,,,,,,,,,,,,,,,,,,,
Wildfire_I,wf1,2022,3,1,9.0,0.0,9.0,0.0,0.0,,0.0,21439472.0,0.0,19504092.22,1506310394589.4001,1.0,542998.26,0.0,1432.05,384670.77,,,,,,,,,,,,,,,10.0,,,,,,,,,,,,,,,,,,,,,,,,,,,
Wildfire_I,wf1,2022,4,1,9.0,0.0,9.0,0.0,0.0,,0.0,21446088.74,0.0,20001936.57,9014373914385.2,1.0,542998.26,0.0,1950.18,386620.95,,,,,,,,,,,,,,,10.0,,,,,,,,,,,,,,,,,,,,,,,,,,,
Wildfire_I,wf1,2023,1,1,9.0,0.0,9.0,0.0,0.0,,0.0,21077930.67,0.0,20970786.740000002,5506444453321.23,1.0,542998.26,0.0,387984.11,387984.11,,,,,,,,,,,,,,,10.0,,,,,,,,,,,,,,,,,,,,,,,,,,,
Wildfire_I,wf1,2023,2,1,9.0,0.0,9.0,0.0,0.0,,0.0,13967404.56,0.0,12508345.28,1507539043367.16,1.0,542998.26,0.0,773.89,388758.0,,,,,,,,,,,,,,,10.0,,,,,,,,,,,,,,,,,,,,,,,,,,,
Wildfire_I,wf1,2023,3,1,12.0,2.0,10.0,0.0,0.16666666666666666,,0.0,23787165.66,0.0,18168945.17,3172904395038.6104,1.0,542998.48,0.0,391412.75,391412.75,,,,,,,,,,,,,,,10.0,,,,,,,,,,,,,,,,,,,,,,,,,,,
Wildfire_I,wf1,2023,4,1,9.0,0.0,9.0,0.0,0.0,,0.0,29089510.66,0.0,12495716.14,3932024883609.7,1.0,542998.48,0.0,401395.63,401395.63,,,,,,,,,,,,,,,10.0,,,,,,,,,,,,,,,,,,,,,,,,,,,
Wildfire_I,wf1,2024,1,1,3.0,0.0,3.0,0.0,0.0,,0.0,9465111.2,0.0,10365041.6,6108606037835.85,1.0,542998.48,0.0,1007.22,402402.85,,,,,,,,,,,,,,,8.0,,,,,,,,,,,,,,,,,,,,,,,,,,,
Wildfire_I,wf1,2024,2,1,,,,,,,,,,,,,,,,,,,,,,,,,,,,,,,,,,,,,,,,,,,,,,,,,,,,,,,,,,
Wildfire_I,wf1,2024,3,1,1.0,0.0,1.0,0.0,0.0,,0.0,542998.48,0.0,406847.98,406847.98,1.0,542998.48,0.0,406847.98,406847.98,,,,,,,,,,,,,,,,,,,,,,,,,,,,,,,,,,,,,,,,,,
Wildfire_I,wf1,2024,4,1,1.0,0.0,1.0,0.0,0.0,,0.0,542998.48,0.0,1186.11,408034.09,1.0,542998.48,0.0,1186.11,408034.09,,,,,,,,,,,,,,,,,,,,,,,,,,,,,,,,,,,,,,,,,,
Wildfire_I,wf1,2025,1,1,3.0,0.0,3.0,0.0,0.0,,0.0,5746658.420000001,0.0,780447.9,6108602160386.61,1.0,542998.48,0.0,408363.63,408363.63,,,,,,,,,,,,,,,8.0,,,,,,,,,,,,,,,,,,,,,,,,,,,
Wildfire_I,wf1,2025,2,1,1.0,0.0,1.0,0.0,0.0,,0.0,542998.48,0.0,742.44,409106.07,1.0,542998.48,0.0,742.44,409106.07,,,,,,,,,,,,,,,,,,,,,,,,,,,,,,,,,,,,,,,,,,
Wildfire_I,wf1,2025,3,1,,,,,,,,,,,,,,,,,,,,,,,,,,,,,,,,,,,,,,,,,,,,,,,,,,,,,,,,,,
