panel,column,rows,non_null_rows,non_zero_rows,pct_non_null,pct_non_zero
panel_disaster_quarter_sem,programs_total,442,432,432,97.74,97.74
panel_disaster_quarter_sem,programs_completed,442,432,147,97.74,33.26
panel_disaster_quarter_sem,programs_in_progress,442,432,428,97.74,96.83
panel_disaster_quarter_sem,programs_cancelled,442,432,81,97.74,18.33
panel_disaster_quarter_sem,program_completion_rate,442,432,147,97.74,33.26
panel_disaster_quarter_sem,program_duration_quarters_mean,442,5,5,1.13,1.13
panel_disaster_quarter_sem,program_duration_quarters_n_obs,442,432,5,97.74,1.13
panel_disaster_quarter_sem,sum_budget_usd,442,432,422,97.74,95.48
panel_disaster_quarter_sem,sum_obligated_usd,442,432,236,97.74,53.39
panel_disaster_quarter_sem,sum_drawdown_usd,442,432,339,97.74,76.7
panel_disaster_quarter_sem,sum_expended_usd,442,432,323,97.74,73.08
panel_disaster_quarter_sem,admin_activity_count,442,413,413,93.44,93.44
panel_disaster_quarter_sem,admin_activity_budget_usd,442,413,340,93.44,76.92
panel_disaster_quarter_sem,admin_activity_obligated_usd,442,413,128,93.44,28.96
panel_disaster_quarter_sem,admin_activity_drawdown_usd,442,413,301,93.44,68.1
panel_disaster_quarter_sem,admin_activity_expended_usd,442,413,302,93.44,68.33
panel_disaster_quarter_sem,outcome_persons_total_actual,442,41,33,9.28,7.47
panel_disaster_quarter_sem,outcome_persons_total_expected,442,42,41,9.5,9.28
panel_disaster_quarter_sem,outcome_households_total_actual,442,81,77,18.33,17.42
panel_disaster_quarter_sem,outcome_households_total_expected,442,82,81,18.55,18.33
panel_disaster_quarter_sem,outcome_owner_households_total_actual,442,0,0,0.0,0.0
panel_disaster_quarter_sem,outcome_owner_households_total_expected,442,3,2,0.68,0.45
panel_disaster_quarter_sem,outcome_renter_households_total_actual,442,0,0,0.0,0.0
panel_disaster_quarter_sem,outcome_renter_households_total_expected,442,1,0,0.23,0.0
panel_disaster_quarter_sem,outcome_jobs_created_total_actual,442,0,0,0.0,0.0
panel_disaster_quarter_sem,outcome_jobs_created_total_expected,442,1,0,0.23,0.0
panel_disaster_quarter_sem,outcome_jobs_retained_total_actual,442,0,0,0.0,0.0
panel_disaster_quarter_sem,outcome_jobs_retained_total_expected,442,0,0,0.0,0.0
panel_disaster_quarter_sem,outcome_housing_units_total_actual,442,0,0,0.0,0.0
panel_disaster_quarter_sem,outcome_housing_units_total_expected,442,2,2,0.45,0.45
panel_disaster_quarter_sem,severity_rainfall_inches_max,442,289,284,65.38,64.25
panel_disaster_quarter_sem,severity_wind_speed_mph_max,442,172,172,38.91,38.91
panel_disaster_quarter_sem,sem_signal_count,442,166,166,37.56,37.56
panel_disaster_quarter_sem,sem_signal_confidence_mean,442,166,166,37.56,37.56
panel_disaster_quarter_sem,admin_staff_count_sum,442,1,1,0.23,0.23
panel_disaster_quarter_sem,admin_staff_count_n_obs,442,1,1,0.23,0.23
panel_disaster_quarter_sem,admin_staff_count_confidence_mean,442,1,1,0.23,0.23
panel_disaster_quarter_sem,admin_payroll_usd_sum,442,58,58,13.12,13.12
panel_disaster_quarter_sem,admin_payroll_usd_n_obs,442,58,58,13.12,13.12
panel_disaster_quarter_sem,admin_payroll_usd_confidence_mean,442,58,58,13.12,13.12
panel_disaster_quarter_sem,affected_population_persons_sum,442,41,41,9.28,9.28
panel_disaster_quarter_sem,affected_population_persons_n_obs,442,41,41,9.28,9.28
panel_disaster_quarter_sem,affected_population_persons_confidence_mean,442,41,41,9.28,9.28
panel_disaster_quarter_sem,affected_population_households_sum,442,4,4,0.9,0.9
panel_disaster_quarter_sem,affected_population_households_n_obs,442,4,4,0.9,0.9
panel_disaster_quarter_sem,affected_population_households_confidence_mean,442,4,4,0.9,0.9
panel_disaster_quarter_sem,severity_deaths_count_sum,442,30,30,6.79,6.79
panel_disaster_quarter_sem,severity_deaths_count_n_obs,442,30,30,6.79,6.79
panel_disaster_quarter_sem,severity_deaths_count_confidence_mean,442,30,30,6.79,6.79
panel_disaster_quarter_sem,severity_economic_loss_usd_sum,442,0,0,0.0,0.0
panel_disaster_quarter_sem,severity_economic_loss_usd_n_obs,442,0,0,0.0,0.0
panel_disaster_quarter_sem,severity_economic_loss_usd_confidence_mean,442,0,0,0.0,0.0
panel_disaster_quarter_sem,severity_property_damage_usd_sum,442,0,0,0.0,0.0
panel_disaster_quarter_sem,severity_property_damage_usd_n_obs,442,0,0,0.0,0.0
panel_disaster_quarter_sem,severity_property_damage_usd_confidence_mean,442,0,0,0.0,0.0
panel_disaster_quarter_sem,severity_unmet_need_usd_sum,442,67,67,15.16,15.16
panel_disaster_quarter_sem,severity_unmet_need_usd_n_obs,442,67,67,15.16,15.16
panel_disaster_quarter_sem,severity_unmet_need_usd_confidence_mean,442,67,67,15.16,15.16
panel_county_quarter_sem,programs_total,5419,5419,5419,100.0,100.0
panel_county_quarter_sem,programs_completed,5419,5419,766,100.0,14.14
panel_county_quarter_sem,programs_in_progress,5419,5419,5102,100.0,94.15
panel_county_quarter_sem,programs_cancelled,5419,5419,273,100.0,5.04
panel_county_quarter_sem,program_completion_rate,5419,5419,766,100.0,14.14
panel_county_quarter_sem,program_duration_quarters_mean,5419,73,73,1.35,1.35
panel_county_quarter_sem,program_duration_quarters_n_obs,5419,5419,73,100.0,1.35
panel_county_quarter_sem,sum_budget_usd,5419,5419,3552,100.0,65.55
panel_county_quarter_sem,sum_obligated_usd,5419,5419,1610,100.0,29.71
panel_county_quarter_sem,sum_drawdown_usd,5419,5419,3448,100.0,63.63
panel_county_quarter_sem,sum_expended_usd,5419,5419,3405,100.0,62.83
panel_county_quarter_sem,admin_activity_count,5419,505,505,9.32,9.32
panel_county_quarter_sem,admin_activity_budget_usd,5419,505,390,9.32,7.2
panel_county_quarter_sem,admin_activity_obligated_usd,5419,505,152,9.32,2.8
panel_county_quarter_sem,admin_activity_drawdown_usd,5419,505,393,9.32,7.25
panel_county_quarter_sem,admin_activity_expended_usd,5419,505,369,9.32,6.81
panel_county_quarter_sem,outcome_persons_total_actual,5419,189,166,3.49,3.06
panel_county_quarter_sem,outcome_persons_total_expected,5419,191,189,3.52,3.49
panel_county_quarter_sem,outcome_households_total_actual,5419,178,163,3.28,3.01
panel_county_quarter_sem,outcome_households_total_expected,5419,181,170,3.34,3.14
panel_county_quarter_sem,outcome_owner_households_total_actual,5419,0,0,0.0,0.0
panel_county_quarter_sem,outcome_owner_households_total_expected,5419,5,2,0.09,0.04
panel_county_quarter_sem,outcome_renter_households_total_actual,5419,0,0,0.0,0.0
panel_county_quarter_sem,outcome_renter_households_total_expected,5419,2,0,0.04,0.0
panel_county_quarter_sem,outcome_jobs_created_total_actual,5419,0,0,0.0,0.0
panel_county_quarter_sem,outcome_jobs_created_total_expected,5419,1,0,0.02,0.0
panel_county_quarter_sem,outcome_jobs_retained_total_actual,5419,0,0,0.0,0.0
panel_county_quarter_sem,outcome_jobs_retained_total_expected,5419,0,0,0.0,0.0
panel_county_quarter_sem,outcome_housing_units_total_actual,5419,0,0,0.0,0.0
panel_county_quarter_sem,outcome_housing_units_total_expected,5419,5,3,0.09,0.06
panel_county_quarter_sem,sem_signal_count,5419,173,173,3.19,3.19
panel_county_quarter_sem,sem_signal_confidence_mean,5419,173,173,3.19,3.19
panel_county_quarter_sem,admin_staff_count_sum,5419,1,1,0.02,0.02
panel_county_quarter_sem,admin_staff_count_n_obs,5419,1,1,0.02,0.02
panel_county_quarter_sem,admin_staff_count_confidence_mean,5419,1,1,0.02,0.02
panel_county_quarter_sem,admin_payroll_usd_sum,5419,105,105,1.94,1.94
panel_county_quarter_sem,admin_payroll_usd_n_obs,5419,105,105,1.94,1.94
panel_county_quarter_sem,admin_payroll_usd_confidence_mean,5419,105,105,1.94,1.94
panel_county_quarter_sem,affected_population_persons_sum,5419,5,5,0.09,0.09
panel_county_quarter_sem,affected_population_persons_n_obs,5419,5,5,0.09,0.09
panel_county_quarter_sem,affected_population_persons_confidence_mean,5419,5,5,0.09,0.09
panel_county_quarter_sem,affected_population_households_sum,5419,3,3,0.06,0.06
panel_county_quarter_sem,affected_population_households_n_obs,5419,3,3,0.06,0.06
panel_county_quarter_sem,affected_population_households_confidence_mean,5419,3,3,0.06,0.06
panel_county_quarter_sem,severity_deaths_count_sum,5419,29,29,0.54,0.54
panel_county_quarter_sem,severity_deaths_count_n_obs,5419,29,29,0.54,0.54
panel_county_quarter_sem,severity_deaths_count_confidence_mean,5419,29,29,0.54,0.54
panel_county_quarter_sem,severity_economic_loss_usd_sum,5419,0,0,0.0,0.0
panel_county_quarter_sem,severity_economic_loss_usd_n_obs,5419,0,0,0.0,0.0
panel_county_quarter_sem,severity_economic_loss_usd_confidence_mean,5419,0,0,0.0,0.0
panel_county_quarter_sem,severity_property_damage_usd_sum,5419,0,0,0.0,0.0
panel_county_quarter_sem,severity_property_damage_usd_n_obs,5419,0,0,0.0,0.0
panel_county_quarter_sem,severity_property_damage_usd_confidence_mean,5419,0,0,0.0,0.0
panel_county_quarter_sem,severity_unmet_need_usd_sum,5419,63,63,1.16,1.16
panel_county_quarter_sem,severity_unmet_need_usd_n_obs,5419,63,63,1.16,1.16
panel_county_quarter_sem,severity_unmet_need_usd_confidence_mean,5419,63,63,1.16,1.16
panel_city_quarter_sem,programs_total,35673,35673,35673,100.0,100.0
panel_city_quarter_sem,programs_completed,35673,35653,3410,99.94,9.56
panel_city_quarter_sem,programs_in_progress,35673,35653,32141,99.94,90.1
panel_city_quarter_sem,programs_cancelled,35673,35653,397,99.94,1.11
panel_city_quarter_sem,program_completion_rate,35673,35653,3410,99.94,9.56
panel_city_quarter_sem,program_duration_quarters_mean,35673,723,723,2.03,2.03
panel_city_quarter_sem,program_duration_quarters_n_obs,35673,35673,723,100.0,2.03
panel_city_quarter_sem,sum_budget_usd,35673,35673,22856,100.0,64.07
panel_city_quarter_sem,sum_obligated_usd,35673,35673,9139,100.0,25.62
panel_city_quarter_sem,sum_drawdown_usd,35673,35673,25926,100.0,72.68
panel_city_quarter_sem,sum_expended_usd,35673,35673,25313,100.0,70.96
panel_city_quarter_sem,admin_activity_count,35673,764,764,2.14,2.14
panel_city_quarter_sem,admin_activity_budget_usd,35673,764,567,2.14,1.59
panel_city_quarter_sem,admin_activity_obligated_usd,35673,764,160,2.14,0.45
panel_city_quarter_sem,admin_activity_drawdown_usd,35673,764,594,2.14,1.67
panel_city_quarter_sem,admin_activity_expended_usd,35673,764,554,2.14,1.55
panel_city_quarter_sem,outcome_persons_total_actual,35673,1119,1046,3.14,2.93
panel_city_quarter_sem,outcome_persons_total_expected,35673,1129,1119,3.16,3.14
panel_city_quarter_sem,outcome_households_total_actual,35673,664,567,1.86,1.59
panel_city_quarter_sem,outcome_households_total_expected,35673,673,645,1.89,1.81
panel_city_quarter_sem,outcome_owner_households_total_actual,35673,0,0,0.0,0.0
panel_city_quarter_sem,outcome_owner_households_total_expected,35673,7,2,0.02,0.01
panel_city_quarter_sem,outcome_renter_households_total_actual,35673,0,0,0.0,0.0
panel_city_quarter_sem,outcome_renter_households_total_expected,35673,4,0,0.01,0.0
panel_city_quarter_sem,outcome_jobs_created_total_actual,35673,0,0,0.0,0.0
panel_city_quarter_sem,outcome_jobs_created_total_expected,35673,1,0,0.0,0.0
panel_city_quarter_sem,outcome_jobs_retained_total_actual,35673,0,0,0.0,0.0
panel_city_quarter_sem,outcome_jobs_retained_total_expected,35673,0,0,0.0,0.0
panel_city_quarter_sem,outcome_housing_units_total_actual,35673,0,0,0.0,0.0
panel_city_quarter_sem,outcome_housing_units_total_expected,35673,12,4,0.03,0.01
panel_city_quarter_sem,sem_signal_count,35673,320,320,0.9,0.9
panel_city_quarter_sem,sem_signal_confidence_mean,35673,320,320,0.9,0.9
panel_city_quarter_sem,admin_staff_count_sum,35673,0,0,0.0,0.0
panel_city_quarter_sem,admin_staff_count_n_obs,35673,0,0,0.0,0.0
panel_city_quarter_sem,admin_staff_count_confidence_mean,35673,0,0,0.0,0.0
panel_city_quarter_sem,admin_payroll_usd_sum,35673,314,314,0.88,0.88
panel_city_quarter_sem,admin_payroll_usd_n_obs,35673,314,314,0.88,0.88
panel_city_quarter_sem,admin_payroll_usd_confidence_mean,35673,314,314,0.88,0.88
panel_city_quarter_sem,affected_population_persons_sum,35673,5,5,0.01,0.01
panel_city_quarter_sem,affected_population_persons_n_obs,35673,5,5,0.01,0.01
panel_city_quarter_sem,affected_population_persons_confidence_mean,35673,5,5,0.01,0.01
panel_city_quarter_sem,affected_population_households_sum,35673,0,0,0.0,0.0
panel_city_quarter_sem,affected_population_households_n_obs,35673,0,0,0.0,0.0
panel_city_quarter_sem,affected_population_households_confidence_mean,35673,0,0,0.0,0.0
panel_city_quarter_sem,severity_deaths_count_sum,35673,0,0,0.0,0.0
panel_city_quarter_sem,severity_deaths_count_n_obs,35673,0,0,0.0,0.0
panel_city_quarter_sem,severity_deaths_count_confidence_mean,35673,0,0,0.0,0.0
panel_city_quarter_sem,severity_economic_loss_usd_sum,35673,0,0,0.0,0.0
panel_city_quarter_sem,severity_economic_loss_usd_n_obs,35673,0,0,0.0,0.0
panel_city_quarter_sem,severity_economic_loss_usd_confidence_mean,35673,0,0,0.0,0.0
panel_city_quarter_sem,severity_property_damage_usd_sum,35673,0,0,0.0,0.0
panel_city_quarter_sem,severity_property_damage_usd_n_obs,35673,0,0,0.0,0.0
panel_city_quarter_sem,severity_property_damage_usd_confidence_mean,35673,0,0,0.0,0.0
panel_city_quarter_sem,severity_unmet_need_usd_sum,35673,1,1,0.0,0.0
panel_city_quarter_sem,severity_unmet_need_usd_n_obs,35673,1,1,0.0,0.0
panel_city_quarter_sem,severity_unmet_need_usd_confidence_mean,35673,1,1,0.0,0.0
panel_state_quarter_sem,programs_total,66,66,66,100.0,100.0
panel_state_quarter_sem,programs_completed,66,66,58,100.0,87.88
panel_state_quarter_sem,programs_in_progress,66,66,66,100.0,100.0
panel_state_quarter_sem,programs_cancelled,66,66,37,100.0,56.06
panel_state_quarter_sem,program_completion_rate,66,66,58,100.0,87.88
panel_state_quarter_sem,program_duration_quarters_mean,66,4,4,6.06,6.06
panel_state_quarter_sem,program_duration_quarters_n_obs,66,66,4,100.0,6.06
panel_state_quarter_sem,sum_budget_usd,66,66,66,100.0,100.0
panel_state_quarter_sem,sum_obligated_usd,66,66,62,100.0,93.94
panel_state_quarter_sem,sum_drawdown_usd,66,66,65,100.0,98.48
panel_state_quarter_sem,sum_expended_usd,66,66,65,100.0,98.48
panel_state_quarter_sem,admin_activity_count,66,66,66,100.0,100.0
panel_state_quarter_sem,admin_activity_budget_usd,66,66,66,100.0,100.0
panel_state_quarter_sem,admin_activity_obligated_usd,66,66,48,100.0,72.73
panel_state_quarter_sem,admin_activity_drawdown_usd,66,66,65,100.0,98.48
panel_state_quarter_sem,admin_activity_expended_usd,66,66,65,100.0,98.48
panel_state_quarter_sem,outcome_persons_total_actual,66,25,19,37.88,28.79
panel_state_quarter_sem,outcome_persons_total_expected,66,26,25,39.39,37.88
panel_state_quarter_sem,outcome_households_total_actual,66,27,27,40.91,40.91
panel_state_quarter_sem,outcome_households_total_expected,66,27,27,40.91,40.91
panel_state_quarter_sem,outcome_owner_households_total_actual,66,0,0,0.0,0.0
panel_state_quarter_sem,outcome_owner_households_total_expected,66,3,2,4.55,3.03
panel_state_quarter_sem,outcome_renter_households_total_actual,66,0,0,0.0,0.0
panel_state_quarter_sem,outcome_renter_households_total_expected,66,1,0,1.52,0.0
panel_state_quarter_sem,outcome_jobs_created_total_actual,66,0,0,0.0,0.0
panel_state_quarter_sem,outcome_jobs_created_total_expected,66,1,0,1.52,0.0
panel_state_quarter_sem,outcome_jobs_retained_total_actual,66,0,0,0.0,0.0
panel_state_quarter_sem,outcome_jobs_retained_total_expected,66,0,0,0.0,0.0
panel_state_quarter_sem,outcome_housing_units_total_actual,66,0,0,0.0,0.0
panel_state_quarter_sem,outcome_housing_units_total_expected,66,2,2,3.03,3.03
panel_state_quarter_sem,sem_signal_count,66,60,60,90.91,90.91
panel_state_quarter_sem,sem_signal_confidence_mean,66,60,60,90.91,90.91
panel_state_quarter_sem,admin_staff_count_sum,66,1,1,1.52,1.52
panel_state_quarter_sem,admin_staff_count_n_obs,66,1,1,1.52,1.52
panel_state_quarter_sem,admin_staff_count_confidence_mean,66,1,1,1.52,1.52
panel_state_quarter_sem,admin_payroll_usd_sum,66,38,38,57.58,57.58
panel_state_quarter_sem,admin_payroll_usd_n_obs,66,38,38,57.58,57.58
panel_state_quarter_sem,admin_payroll_usd_confidence_mean,66,38,38,57.58,57.58
panel_state_quarter_sem,affected_population_persons_sum,66,23,23,34.85,34.85
panel_state_quarter_sem,affected_population_persons_n_obs,66,23,23,34.85,34.85
panel_state_quarter_sem,affected_population_persons_confidence_mean,66,23,23,34.85,34.85
panel_state_quarter_sem,affected_population_households_sum,66,4,4,6.06,6.06
panel_state_quarter_sem,affected_population_households_n_obs,66,4,4,6.06,6.06
panel_state_quarter_sem,affected_population_households_confidence_mean,66,4,4,6.06,6.06
panel_state_quarter_sem,severity_deaths_count_sum,66,30,30,45.45,45.45
panel_state_quarter_sem,severity_deaths_count_n_obs,66,30,30,45.45,45.45
panel_state_quarter_sem,severity_deaths_count_confidence_mean,66,30,30,45.45,45.45
panel_state_quarter_sem,severity_economic_loss_usd_sum,66,0,0,0.0,0.0
panel_state_quarter_sem,severity_economic_loss_usd_n_obs,66,0,0,0.0,0.0
panel_state_quarter_sem,severity_economic_loss_usd_confidence_mean,66,0,0,0.0,0.0
panel_state_quarter_sem,severity_property_damage_usd_sum,66,0,0,0.0,0.0
panel_state_quarter_sem,severity_property_damage_usd_n_obs,66,0,0,0.0,0.0
panel_state_quarter_sem,severity_property_damage_usd_confidence_mean,66,0,0,0.0,0.0
panel_state_quarter_sem,severity_unmet_need_usd_sum,66,38,38,57.58,57.58
panel_state_quarter_sem,severity_unmet_need_usd_n_obs,66,38,38,57.58,57.58
panel_state_quarter_sem,severity_unmet_need_usd_confidence_mean,66,38,38,57.58,57.58
